name,storage_price,capacity,price_per_gb,type,cache,form_factor,interface,capacity_2
Samsung 980 Pro,169.99,2000.0,0.085,SSD,2048.0,M.2-2280,M.2 PCIe 4.0 X4,2.0 TB
Kingston NV2,60.99,1000.0,0.061,SSD,,M.2-2280,M.2 PCIe 4.0 X4,1.0 TB
Samsung 970 Evo Plus,97.5,1000.0,0.098,SSD,1024.0,M.2-2280,M.2 PCIe 3.0 X4,1.0 TB
Samsung 990 Pro,318.35,4000.0,0.08,SSD,4096.0,M.2-2280,M.2 PCIe 4.0 X4,4.0 TB
Crucial P3 Plus,69.98,1000.0,0.07,SSD,,M.2-2280,M.2 PCIe 4.0 X4,1.0 TB
Samsung 980 Pro,106.13,1000.0,0.106,SSD,1024.0,M.2-2280,M.2 PCIe 4.0 X4,1.0 TB
Samsung 990 Pro,169.99,2000.0,0.085,SSD,2048.0,M.2-2280,M.2 PCIe 4.0 X4,2.0 TB
Crucial P3 Plus,117.99,2000.0,0.059,SSD,,M.2-2280,M.2 PCIe 4.0 X4,2.0 TB
Western Digital Black SN850X,156.99,2000.0,0.078,SSD,,M.2-2280,M.2 PCIe 4.0 X4,2.0 TB
Western Digital Black SN850X,91.92,1000.0,0.092,SSD,,M.2-2280,M.2 PCIe 4.0 X4,1.0 TB
Kingston NV2,118.0,2000.0,0.059,SSD,,M.2-2280,M.2 PCIe 4.0 X4,2.0 TB
Samsung 870 Evo,104.99,1000.0,0.105,SSD,1024.0,2.5,SATA 6.0 Gb/s,1.0 TB
Western Digital Black SN770,84.15,1000.0,0.084,SSD,,M.2-2280,M.2 PCIe 4.0 X4,1.0 TB
TEAMGROUP MP33,36.99,512.0,0.072,SSD,,M.2-2280,M.2 PCIe 3.0 X4,512.0 GB
Samsung 970 Evo Plus,69.94,500.0,0.14,SSD,512.0,M.2-2280,M.2 PCIe 3.0 X4,500.0 GB
Crucial P3,60.99,1000.0,0.061,SSD,,M.2-2280,M.2 PCIe 3.0 X4,1.0 TB
Samsung 990 Pro,110.08,1000.0,0.11,SSD,1024.0,M.2-2280,M.2 PCIe 4.0 X4,1.0 TB
Western Digital Blue SN580,71.0,1000.0,0.071,SSD,,M.2-2280,M.2 PCIe 4.0 X4,1.0 TB
Kingston NV2,42.99,500.0,0.086,SSD,,M.2-2280,M.2 PCIe 4.0 X4,500.0 GB
Western Digital Black SN770,138.82,2000.0,0.069,SSD,,M.2-2280,M.2 PCIe 4.0 X4,2.0 TB
Western Digital Black SN850X,309.99,4000.0,0.077,SSD,,M.2-2280,M.2 PCIe 4.0 X4,4.0 TB
Samsung 970 Evo Plus,149.99,2000.0,0.075,SSD,1024.0,M.2-2280,M.2 PCIe 3.0 X4,2.0 TB
Crucial P3 Plus,237.99,4000.0,0.059,SSD,,M.2-2280,M.2 PCIe 4.0 X4,4.0 TB
Samsung 870 Evo,189.99,2000.0,0.095,SSD,2048.0,2.5,SATA 6.0 Gb/s,2.0 TB
Silicon Power UD90,108.99,2000.0,0.054,SSD,,M.2-2280,M.2 PCIe 4.0 X4,2.0 TB
TEAMGROUP MP44L,64.98,1000.0,0.065,SSD,,M.2-2280,M.2 PCIe 4.0 X4,1.0 TB
Silicon Power A60,60.99,1000.0,0.061,SSD,,M.2-2280,M.2 PCIe 3.0 X4,1.0 TB
TEAMGROUP MP44L,114.99,2000.0,0.057,SSD,,M.2-2280,M.2 PCIe 4.0 X4,2.0 TB
TEAMGROUP MP33,61.99,1000.0,0.062,SSD,,M.2-2280,M.2 PCIe 3.0 X4,1.0 TB
Western Digital Blue SN580,124.0,2000.0,0.062,SSD,,M.2-2280,M.2 PCIe 4.0 X4,2.0 TB
TEAMGROUP MP33,105.99,2000.0,0.053,SSD,,M.2-2280,M.2 PCIe 3.0 X4,2.0 TB
Samsung 980,89.99,1000.0,0.09,SSD,,M.2-2280,M.2 PCIe 3.0 X4,1.0 TB
Crucial T500,138.99,2000.0,0.069,SSD,,M.2-2280,M.2 PCIe 4.0 X4,2.0 TB
Crucial P3,51.6,500.0,0.103,SSD,,M.2-2280,M.2 PCIe 3.0 X4,500.0 GB
Samsung 990 Pro w/Heatsink,322.62,4000.0,0.081,SSD,4096.0,M.2-2280,M.2 PCIe 4.0 X4,4.0 TB
Samsung 870 Evo,79.98,500.0,0.16,SSD,512.0,2.5,SATA 6.0 Gb/s,500.0 GB
Kingston A400,27.99,240.0,0.117,SSD,,2.5,SATA 6.0 Gb/s,240.0 GB
Samsung 980 Pro,89.99,500.0,0.18,SSD,512.0,M.2-2280,M.2 PCIe 4.0 X4,500.0 GB
Crucial P3,123.99,2000.0,0.062,SSD,,M.2-2280,M.2 PCIe 3.0 X4,2.0 TB
SK Hynix Platinum P41,164.99,2000.0,0.082,SSD,,M.2-2280,M.2 PCIe 4.0 X4,2.0 TB
Crucial T500,79.98,1000.0,0.08,SSD,,M.2-2280,M.2 PCIe 4.0 X4,1.0 TB
MSI SPATIUM M482,131.98,2000.0,0.066,SSD,,M.2-2280,M.2 PCIe 4.0 X4,2.0 TB
Samsung 870 Evo,372.99,4000.0,0.093,SSD,4096.0,2.5,SATA 6.0 Gb/s,4.0 TB
Lexar NM790,148.36,2000.0,0.074,SSD,,M.2-2280,M.2 PCIe 4.0 X4,2.0 TB
Lexar NM710,69.98,1000.0,0.07,SSD,,M.2-2280,M.2 PCIe 4.0 X4,1.0 TB
MSI SPATIUM M371,64.99,1000.0,0.065,SSD,,M.2-2280,M.2 PCIe 3.0 X4,1.0 TB
Patriot P300,21.99,256.0,0.086,SSD,,M.2-2280,M.2 PCIe 3.0 X4,256.0 GB
TEAMGROUP T-Force Vulcan Z,56.99,1000.0,0.057,SSD,,2.5,SATA 6.0 Gb/s,1.0 TB
Crucial MX500,87.74,1000.0,0.088,SSD,1024.0,2.5,SATA 6.0 Gb/s,1.0 TB
Leven JS600,13.99,128.0,0.109,SSD,,2.5,SATA 6.0 Gb/s,128.0 GB
Crucial P3 Plus,54.49,500.0,0.109,SSD,,M.2-2280,M.2 PCIe 4.0 X4,500.0 GB
Western Digital Green SN350,64.98,1000.0,0.065,SSD,,M.2-2280,M.2 PCIe 3.0 X4,1.0 TB
Patriot P300,36.99,512.0,0.072,SSD,,M.2-2280,M.2 PCIe 3.0 X4,512.0 GB
Lexar NM790,91.38,1000.0,0.091,SSD,,M.2-2280,M.2 PCIe 4.0 X4,1.0 TB
Western Digital Blue SN570,69.99,1000.0,0.07,SSD,,M.2-2280,M.2 PCIe 3.0 X4,1.0 TB
Crucial P5 Plus,192.77,2000.0,0.096,SSD,2048.0,M.2-2280,M.2 PCIe 4.0 X4,2.0 TB
Western Digital Blue SN570,43.93,500.0,0.088,SSD,,M.2-2280,M.2 PCIe 3.0 X4,500.0 GB
Lexar NM620,71.45,1000.0,0.071,SSD,,M.2-2280,M.2 PCIe 3.0 X4,1.0 TB
Acer Predator GM7000,84.99,1000.0,0.085,SSD,1024.0,M.2-2280,M.2 PCIe 4.0 X4,1.0 TB
Samsung 980 Pro w/Heatsink,183.55,2000.0,0.092,SSD,2048.0,M.2-2280,M.2 PCIe 4.0 X4,2.0 TB
Samsung 990 Pro w/Heatsink,189.99,2000.0,0.095,SSD,2048.0,M.2-2280,M.2 PCIe 4.0 X4,2.0 TB
Kingston A400,37.79,480.0,0.079,SSD,,2.5,SATA 6.0 Gb/s,480.0 GB
Kingston NV2,31.99,250.0,0.128,SSD,,M.2-2280,M.2 PCIe 4.0 X4,250.0 GB
Kingston Fury Renegade,172.99,2000.0,0.086,SSD,,M.2-2280,M.2 PCIe 4.0 X4,2.0 TB
Patriot P300,58.99,1000.0,0.059,SSD,,M.2-2280,M.2 PCIe 3.0 X4,1.0 TB
MSI SPATIUM M480 PRO,84.0,1000.0,0.084,SSD,,M.2-2280,M.2 PCIe 4.0 X4,1.0 TB
Patriot P300,17.98,128.0,0.14,SSD,,M.2-2280,M.2 PCIe 3.0 X4,128.0 GB
Crucial MX500,159.99,2000.0,0.08,SSD,2048.0,2.5,SATA 6.0 Gb/s,2.0 TB
Leven JPS800,59.99,1000.0,0.06,SSD,,M.2-2280,M.2 PCIe 4.0 X4,1.0 TB
Samsung 980 Pro w/Heatsink,119.99,1000.0,0.12,SSD,1024.0,M.2-2280,M.2 PCIe 4.0 X4,1.0 TB
Western Digital Black SN770,69.92,500.0,0.14,SSD,,M.2-2280,M.2 PCIe 4.0 X4,500.0 GB
TEAMGROUP T-Force Vulcan Z,30.99,512.0,0.061,SSD,,2.5,SATA 6.0 Gb/s,512.0 GB
Leven JPS600,101.99,2000.0,0.051,SSD,,M.2-2280,M.2 PCIe 3.0 X4,2.0 TB
Samsung 980,73.98,500.0,0.148,SSD,,M.2-2280,M.2 PCIe 3.0 X4,500.0 GB
Kingston A400,61.99,960.0,0.065,SSD,,2.5,SATA 6.0 Gb/s,960.0 GB
TEAMGROUP MS30,33.99,512.0,0.066,SSD,,M.2-2280,M.2 SATA,512.0 GB
Lexar NM790,259.99,4000.0,0.065,SSD,,M.2-2280,M.2 PCIe 4.0 X4,4.0 TB
Samsung 860 Evo,149.99,1000.0,0.15,SSD,1024.0,2.5,SATA 6.0 Gb/s,1.0 TB
Samsung 970 Evo Plus,61.26,250.0,0.245,SSD,512.0,M.2-2280,M.2 PCIe 3.0 X4,250.0 GB
Crucial MX500,53.0,500.0,0.106,SSD,512.0,2.5,SATA 6.0 Gb/s,500.0 GB
TEAMGROUP T-Force Vulcan Z,96.99,2000.0,0.048,SSD,,2.5,SATA 6.0 Gb/s,2.0 TB
Silicon Power UD90,71.98,1000.0,0.072,SSD,,M.2-2280,M.2 PCIe 4.0 X4,1.0 TB
Silicon Power UD90,214.99,4000.0,0.054,SSD,,M.2-2280,M.2 PCIe 4.0 X4,4.0 TB
Crucial P3,240.75,4000.0,0.06,SSD,,M.2-2280,M.2 PCIe 3.0 X4,4.0 TB
Corsair MP600 CORE XT,139.99,2000.0,0.07,SSD,,M.2-2280,M.2 PCIe 4.0 X4,2.0 TB
TEAMGROUP MP44,123.99,2000.0,0.062,SSD,,M.2-2280,M.2 PCIe 4.0 X4,2.0 TB
Solidigm P41 Plus,69.99,1000.0,0.07,SSD,,M.2-2280,M.2 PCIe 4.0 X4,1.0 TB
MSI SPATIUM M450,74.99,1000.0,0.075,SSD,,M.2-2280,M.2 PCIe 4.0 X4,1.0 TB
Corsair MP600 CORE XT,77.98,1000.0,0.078,SSD,,M.2-2280,M.2 PCIe 4.0 X4,1.0 TB
Silicon Power UD85,114.99,2000.0,0.057,SSD,,M.2-2280,M.2 PCIe 4.0 X4,2.0 TB
Crucial P5 Plus,138.75,1000.0,0.139,SSD,1024.0,M.2-2280,M.2 PCIe 4.0 X4,1.0 TB
ADATA XPG GAMMIX S70 Blade,99.99,1000.0,0.1,SSD,,M.2-2280,M.2 PCIe 4.0 X4,1.0 TB
Kingston Fury Renegade,99.99,1000.0,0.1,SSD,,M.2-2280,M.2 PCIe 4.0 X4,1.0 TB
Solidigm P41 Plus,117.99,2000.0,0.059,SSD,,M.2-2280,M.2 PCIe 4.0 X4,2.0 TB
Patriot Burst Elite,13.99,120.0,0.117,SSD,,2.5,SATA 6.0 Gb/s,120.0 GB
Samsung 990 Pro w/Heatsink,119.99,1000.0,0.12,SSD,1024.0,M.2-2280,M.2 PCIe 4.0 X4,1.0 TB
TEAMGROUP MP44,233.99,4000.0,0.058,SSD,,M.2-2280,M.2 PCIe 4.0 X4,4.0 TB
Lexar NM620,125.17,2000.0,0.063,SSD,,M.2-2280,M.2 PCIe 3.0 X4,2.0 TB
Crucial BX500,71.14,1000.0,0.071,SSD,,2.5,SATA 6.0 Gb/s,1.0 TB
ADATA XPG GAMMIX S70 Blade,149.99,2000.0,0.075,SSD,,M.2-2280,M.2 PCIe 4.0 X4,2.0 TB
Corsair MP600 CORE XT,259.99,4000.0,0.065,SSD,,M.2-2280,M.2 PCIe 4.0 X4,4.0 TB
Western Digital Blue,122.0,1000.0,0.122,SSD,,2.5,SATA 6.0 Gb/s,1.0 TB
SK Hynix Platinum P41,94.99,1000.0,0.095,SSD,,M.2-2280,M.2 PCIe 4.0 X4,1.0 TB
Western Digital Black SN750,76.98,1000.0,0.077,SSD,,M.2-2280,M.2 PCIe 3.0 X4,1.0 TB
Samsung 860 Evo,109.99,500.0,0.22,SSD,512.0,2.5,SATA 6.0 Gb/s,500.0 GB
TEAMGROUP MS30,55.99,1000.0,0.056,SSD,,M.2-2280,M.2 SATA,1.0 TB
Samsung 970 Evo,162.9,1000.0,0.163,SSD,1024.0,M.2-2280,M.2 PCIe 3.0 X4,1.0 TB
Corsair MP600,159.99,2000.0,0.08,SSD,,M.2-2280,M.2 PCIe 4.0 X4,2.0 TB
Kingston NV2,250.0,4000.0,0.062,SSD,,M.2-2280,M.2 PCIe 4.0 X4,4.0 TB
TEAMGROUP MP34,225.99,4000.0,0.056,SSD,,M.2-2280,M.2 PCIe 3.0 X4,4.0 TB
Sabrent Rocket 4.0,99.99,1000.0,0.1,SSD,,M.2-2280,M.2 PCIe 4.0 X4,1.0 TB
KingSpec XG7000,127.99,2000.0,0.064,SSD,,M.2-2280,M.2 PCIe 4.0 X4,2.0 TB
Klevv CRAS C910,64.98,1000.0,0.065,SSD,,M.2-2280,M.2 PCIe 4.0 X4,1.0 TB
Acer Predator GM7000,274.99,4000.0,0.069,SSD,4096.0,M.2-2280,M.2 PCIe 4.0 X4,4.0 TB
TEAMGROUP T-Force Vulcan Z,27.99,480.0,0.058,SSD,,2.5,SATA 6.0 Gb/s,480.0 GB
Samsung 870 Evo,30.98,250.0,0.124,SSD,512.0,2.5,SATA 6.0 Gb/s,250.0 GB
Western Digital Black SN850X w/Heatsink,173.99,2000.0,0.087,SSD,,M.2-2280,M.2 PCIe 4.0 X4,2.0 TB
Crucial MX500,273.49,4000.0,0.068,SSD,,2.5,SATA 6.0 Gb/s,4.0 TB
Crucial P5 Plus,91.95,500.0,0.184,SSD,1024.0,M.2-2280,M.2 PCIe 4.0 X4,500.0 GB
Crucial BX500,124.99,2000.0,0.062,SSD,,2.5,SATA 6.0 Gb/s,2.0 TB
MSI SPATIUM M480 PRO,209.03,2000.0,0.105,SSD,,M.2-2280,M.2 PCIe 4.0 X4,2.0 TB
Lexar NM710,158.99,2000.0,0.079,SSD,,M.2-2280,M.2 PCIe 4.0 X4,2.0 TB
Solidigm P44 Pro,169.99,2000.0,0.085,SSD,,M.2-2280,M.2 PCIe 4.0 X4,2.0 TB
Solidigm P44 Pro,87.99,1000.0,0.088,SSD,,M.2-2280,M.2 PCIe 4.0 X4,1.0 TB
PNY CS2241,209.99,4000.0,0.052,SSD,,M.2-2280,M.2 PCIe 4.0 X4,4.0 TB
Patriot P210,53.99,1000.0,0.054,SSD,,2.5,SATA 6.0 Gb/s,1.0 TB
ADATA Legend 800,76.41,1000.0,0.076,SSD,,M.2-2280,M.2 PCIe 4.0 X4,1.0 TB
Sabrent Rocket 4 Plus,219.99,2000.0,0.11,SSD,,M.2-2280,M.2 PCIe 4.0 X4,2.0 TB
FanXiang S500 Pro,64.98,1000.0,0.065,SSD,,M.2-2280,M.2 PCIe 3.0 X4,1.0 TB
Samsung 970 Evo,116.55,500.0,0.233,SSD,512.0,M.2-2280,M.2 PCIe 3.0 X4,500.0 GB
Silicon Power P34A60,39.99,512.0,0.078,SSD,,M.2-2280,M.2 PCIe 3.0 X4,512.0 GB
ADATA XPG SX8200 Pro,94.14,1000.0,0.094,SSD,,M.2-2280,M.2 PCIe 3.0 X4,1.0 TB
ADATA Legend 800,108.99,2000.0,0.054,SSD,,M.2-2280,M.2 PCIe 4.0 X4,2.0 TB
TEAMGROUP T-Force Vulcan Z,21.99,240.0,0.092,SSD,,2.5,SATA 6.0 Gb/s,240.0 GB
Klevv CRAS C710,59.99,1000.0,0.06,SSD,,M.2-2280,M.2 PCIe 3.0 X4,1.0 TB
TEAMGROUP MP33,25.99,256.0,0.102,SSD,,M.2-2280,M.2 PCIe 3.0 X4,256.0 GB
Leven JPS800,104.99,2000.0,0.052,SSD,,M.2-2280,M.2 PCIe 4.0 X4,2.0 TB
Western Digital Blue SN550,133.0,1000.0,0.133,SSD,,M.2-2280,M.2 PCIe 3.0 X4,1.0 TB
Mushkin Vortex Redline,77.98,1000.0,0.078,SSD,1024.0,M.2-2280,M.2 PCIe 4.0 X4,1.0 TB
Samsung 870 QVO,166.05,2000.0,0.083,SSD,,2.5,SATA 6.0 Gb/s,2.0 TB
Gigabyte AORUS Gen4 7300,123.05,1000.0,0.123,SSD,1024.0,M.2-2280,M.2 PCIe 4.0 X4,1.0 TB
Acer Predator GM7000,54.99,512.0,0.107,SSD,512.0,M.2-2280,M.2 PCIe 4.0 X4,512.0 GB
ADATA XPG GAMMIX S7,59.99,1000.0,0.06,SSD,,M.2-2280,M.2 PCIe 3.0 X4,1.0 TB
Western Digital Blue,80.98,500.0,0.162,SSD,,2.5,SATA 6.0 Gb/s,500.0 GB
Seagate BarraCuda Q5,63.99,1000.0,0.064,SSD,,M.2-2280,M.2 PCIe 3.0 X4,1.0 TB
Samsung 980,44.99,250.0,0.18,SSD,,M.2-2280,M.2 PCIe 3.0 X4,250.0 GB
Western Digital Blue SN580,58.88,500.0,0.118,SSD,,M.2-2280,M.2 PCIe 4.0 X4,500.0 GB
Kingston KC3000,70.98,512.0,0.139,SSD,,M.2-2280,M.2 PCIe 4.0 X4,512.0 GB
Samsung 870 QVO,339.99,4000.0,0.085,SSD,,2.5,SATA 6.0 Gb/s,4.0 TB
Silicon Power P34A60,60.99,1000.0,0.061,SSD,,M.2-2280,M.2 PCIe 3.0 X4,1.0 TB
Intel 670p,86.37,1000.0,0.086,SSD,,M.2-2280,M.2 PCIe 3.0 X4,1.0 TB
Kingston A400,27.99,120.0,0.233,SSD,,2.5,SATA 6.0 Gb/s,120.0 GB
MSI SPATIUM M450,41.98,500.0,0.084,SSD,,M.2-2280,M.2 PCIe 4.0 X4,500.0 GB
Silicon Power A60,104.99,2000.0,0.052,SSD,,M.2-2280,M.2 PCIe 3.0 X4,2.0 TB
Western Digital Black SN850X w/Heatsink,111.1,1000.0,0.111,SSD,,M.2-2280,M.2 PCIe 4.0 X4,1.0 TB
TEAMGROUP MP44,74.98,1000.0,0.075,SSD,,M.2-2280,M.2 PCIe 4.0 X4,1.0 TB
Crucial P2,89.99,1000.0,0.09,SSD,,M.2-2280,M.2 PCIe 3.0 X4,1.0 TB
TEAMGROUP T-Force Vulcan Z,199.99,4000.0,0.05,SSD,,2.5,SATA 6.0 Gb/s,4.0 TB
TEAMGROUP MP33 PRO,64.98,1000.0,0.065,SSD,,M.2-2280,M.2 PCIe 3.0 X4,1.0 TB
Western Digital Black SN750,49.99,500.0,0.1,SSD,,M.2-2280,M.2 PCIe 3.0 X4,500.0 GB
Silicon Power A55,57.99,1000.0,0.058,SSD,,2.5,SATA 6.0 Gb/s,1.0 TB
Patriot P310,35.99,480.0,0.075,SSD,,M.2-2280,M.2 PCIe 3.0 X4,480.0 GB
Silicon Power A55,97.99,2000.0,0.049,SSD,,2.5,SATA 6.0 Gb/s,2.0 TB
Samsung 870 QVO,79.98,1000.0,0.08,SSD,,2.5,SATA 6.0 Gb/s,1.0 TB
Gigabyte AORUS Gen4 7300,209.7,2000.0,0.105,SSD,2048.0,M.2-2280,M.2 PCIe 4.0 X4,2.0 TB
Western Digital Black SN770,49.99,250.0,0.2,SSD,,M.2-2280,M.2 PCIe 4.0 X4,250.0 GB
Leven JM600,54.99,1000.0,0.055,SSD,,M.2-2280,M.2 SATA,1.0 TB
Inland TN450,69.98,1000.0,0.07,SSD,,M.2-2280,M.2 PCIe 4.0 X4,1.0 TB
Kingston Fury Renegade,334.52,4000.0,0.084,SSD,,M.2-2280,M.2 PCIe 4.0 X4,4.0 TB
PNY CS900,36.99,500.0,0.074,SSD,,2.5,SATA 6.0 Gb/s,500.0 GB
SanDisk SSD PLUS,74.99,1000.0,0.075,SSD,,2.5,SATA 6.0 Gb/s,1.0 TB
Patriot P210,19.98,256.0,0.078,SSD,,2.5,SATA 6.0 Gb/s,256.0 GB
FanXiang S500 Pro,38.99,512.0,0.076,SSD,,M.2-2280,M.2 PCIe 3.0 X4,512.0 GB
Patriot Viper VP4300 Lite,119.99,2000.0,0.06,SSD,,M.2-2280,M.2 PCIe 4.0 X4,2.0 TB
Kingston KC600,33.85,256.0,0.132,SSD,,2.5,SATA 6.0 Gb/s,256.0 GB
Crucial P2,78.55,500.0,0.157,SSD,,M.2-2280,M.2 PCIe 3.0 X4,500.0 GB
Western Digital Green SN350,59.99,960.0,0.062,SSD,,M.2-2280,M.2 PCIe 3.0 X4,960.0 GB
TEAMGROUP GX2,32.99,512.0,0.064,SSD,,2.5,SATA 6.0 Gb/s,512.0 GB
Crucial P1,109.0,1000.0,0.109,SSD,,M.2-2280,M.2 PCIe 3.0 X4,1.0 TB
Silicon Power US75,214.99,4000.0,0.054,SSD,,M.2-2280,M.2 PCIe 4.0 X4,4.0 TB
Lexar NM620,42.99,512.0,0.084,SSD,,M.2-2280,M.2 PCIe 3.0 X4,512.0 GB
Mushkin Helix-L,37.99,512.0,0.074,SSD,,M.2-2280,M.2 PCIe 4.0 X4,512.0 GB
Silicon Power A55,34.99,512.0,0.068,SSD,,2.5,SATA 6.0 Gb/s,512.0 GB
PNY CS1030,74.98,1000.0,0.075,SSD,,M.2-2280,M.2 PCIe 3.0 X4,1.0 TB
Leven JS600,184.99,4000.0,0.046,SSD,,2.5,SATA 6.0 Gb/s,4.0 TB
TEAMGROUP MP44L,43.99,500.0,0.088,SSD,,M.2-2280,M.2 PCIe 4.0 X4,500.0 GB
Crucial MX500,39.99,250.0,0.16,SSD,256.0,2.5,SATA 6.0 Gb/s,250.0 GB
Crucial BX500,27.99,240.0,0.117,SSD,,2.5,SATA 6.0 Gb/s,240.0 GB
Western Digital Green SN350,39.99,480.0,0.083,SSD,,M.2-2280,M.2 PCIe 3.0 X4,480.0 GB
Western Digital Green SN350,119.34,2000.0,0.06,SSD,,M.2-2280,M.2 PCIe 3.0 X4,2.0 TB
SK Hynix Gold P31,84.99,1000.0,0.085,SSD,,M.2-2280,M.2 PCIe 3.0 X4,1.0 TB
Inland Performance Plus,138.99,2000.0,0.069,SSD,,M.2-2280,M.2 PCIe 4.0 X4,2.0 TB
Silicon Power UD85,67.98,1000.0,0.068,SSD,,M.2-2280,M.2 PCIe 4.0 X4,1.0 TB
TEAMGROUP CX2,102.99,2000.0,0.051,SSD,,2.5,SATA 6.0 Gb/s,2.0 TB
Patriot P310,21.99,240.0,0.092,SSD,,M.2-2280,M.2 PCIe 3.0 X4,240.0 GB
ADATA XPG SX8200 Pro,116.0,2000.0,0.058,SSD,,M.2-2280,M.2 PCIe 3.0 X4,2.0 TB
ADATA SU630,30.47,240.0,0.127,SSD,,2.5,SATA 6.0 Gb/s,240.0 GB
Crucial P5 Plus W/Heatsink,172.47,2000.0,0.086,SSD,,M.2-2280,M.2 PCIe 4.0 X4,2.0 TB
Corsair MP600 PRO LPX,164.99,2000.0,0.082,SSD,,M.2-2280,M.2 PCIe 4.0 X4,2.0 TB
TEAMGROUP Cardea A440,143.36,2000.0,0.072,SSD,,M.2-2280,M.2 PCIe 4.0 X4,2.0 TB
Sabrent Rocket 4 Plus,119.99,1000.0,0.12,SSD,,M.2-2280,M.2 PCIe 4.0 X4,1.0 TB
Kingston NV1,74.98,1000.0,0.075,SSD,,M.2-2280,M.2 PCIe 3.0 X4,1.0 TB
Corsair MP600 PRO XT,175.99,2000.0,0.088,SSD,,M.2-2280,M.2 PCIe 4.0 X4,2.0 TB
Lexar NM790 w/Heatsink,84.99,1000.0,0.085,SSD,,M.2-2280,M.2 PCIe 4.0 X4,1.0 TB
Leven JPS600,58.99,1000.0,0.059,SSD,,M.2-2280,M.2 PCIe 3.0 X4,1.0 TB
Patriot Burst Elite,49.99,960.0,0.052,SSD,,2.5,SATA 6.0 Gb/s,960.0 GB
HP FX900 Pro,134.99,2000.0,0.067,SSD,,M.2-2280,M.2 PCIe 4.0 X4,2.0 TB
Inland TN470,137.99,2000.0,0.069,SSD,,M.2-2280,M.2 PCIe 4.0 X4,2.0 TB
Seagate FireCuda 530,115.0,1000.0,0.115,SSD,,M.2-2280,M.2 PCIe 4.0 X4,1.0 TB
Leven JS600,53.99,1000.0,0.054,SSD,,2.5,SATA 6.0 Gb/s,1.0 TB
Samsung 860 Evo,86.13,250.0,0.345,SSD,512.0,2.5,SATA 6.0 Gb/s,250.0 GB
Western Digital Blue SA510,136.87,2000.0,0.068,SSD,,2.5,SATA 6.0 Gb/s,2.0 TB
Inland Performance Plus,75.98,1000.0,0.076,SSD,,M.2-2280,M.2 PCIe 4.0 X4,1.0 TB
FanXiang S880,79.98,1000.0,0.08,SSD,,M.2-2280,M.2 PCIe 4.0 X4,1.0 TB
Patriot P210,30.99,512.0,0.061,SSD,,2.5,SATA 6.0 Gb/s,512.0 GB
Mushkin Vortex Redline,136.99,2000.0,0.068,SSD,1024.0,M.2-2280,M.2 PCIe 4.0 X4,2.0 TB
Western Digital Blue SA510,271.7,4000.0,0.068,SSD,,2.5,SATA 6.0 Gb/s,4.0 TB
PNY CS900,69.99,1000.0,0.07,SSD,,2.5,SATA 6.0 Gb/s,1.0 TB
Sabrent Rocket 4 Plus,499.99,4000.0,0.125,SSD,,M.2-2280,M.2 PCIe 4.0 X4,4.0 TB
Mushkin Helix-L,61.99,1000.0,0.062,SSD,,M.2-2280,M.2 PCIe 3.0 X4,1.0 TB
Samsung 860 Pro,1099.99,4000.0,0.275,SSD,4096.0,2.5,SATA 6.0 Gb/s,4.0 TB
TEAMGROUP MP33 PRO,40.99,512.0,0.08,SSD,,M.2-2280,M.2 PCIe 3.0 X4,512.0 GB
TEAMGROUP MS30,108.99,2000.0,0.054,SSD,,M.2-2280,M.2 SATA,2.0 TB
Crucial BX500,37.99,480.0,0.079,SSD,,2.5,SATA 6.0 Gb/s,480.0 GB
Mushkin Tempest,68.98,1000.0,0.069,SSD,,M.2-2280,M.2 PCIe 3.0 X4,1.0 TB
Seagate FireCuda 530,219.95,2000.0,0.11,SSD,,M.2-2280,M.2 PCIe 4.0 X4,2.0 TB
Inland TN470,81.99,1000.0,0.082,SSD,,M.2-2280,M.2 PCIe 4.0 X4,1.0 TB
TEAMGROUP Cardea A440,79.98,1000.0,0.08,SSD,,M.2-2280,M.2 PCIe 4.0 X4,1.0 TB
Gigabyte Gen3 2500E,91.55,1000.0,0.092,SSD,,M.2-2280,M.2 PCIe 3.0 X4,1.0 TB
Western Digital Green SN350,28.99,240.0,0.121,SSD,,M.2-2280,M.2 PCIe 3.0 X4,240.0 GB
Samsung 960 Evo,87.06,250.0,0.348,SSD,512.0,M.2-2280,M.2 PCIe 3.0 X4,250.0 GB
Corsair MP600 PRO LPX,99.99,1000.0,0.1,SSD,,M.2-2280,M.2 PCIe 4.0 X4,1.0 TB
SanDisk SSD PLUS,29.99,240.0,0.125,SSD,,2.5,SATA 6.0 Gb/s,240.0 GB
TEAMGROUP QX,197.99,4000.0,0.049,SSD,,2.5,SATA 6.0 Gb/s,4.0 TB
MSI SPATIUM M480 PRO,285.0,4000.0,0.071,SSD,,M.2-2280,M.2 PCIe 4.0 X4,4.0 TB
Western Digital Green,51.55,240.0,0.215,SSD,,2.5,SATA 6.0 Gb/s,240.0 GB
Patriot P210,97.99,2000.0,0.049,SSD,,2.5,SATA 6.0 Gb/s,2.0 TB
Corsair MP600 PRO NH,159.99,2000.0,0.08,SSD,,M.2-2280,M.2 PCIe 4.0 X4,2.0 TB
Leven JS600,29.99,512.0,0.059,SSD,,2.5,SATA 6.0 Gb/s,512.0 GB
Samsung 860 Evo,255.0,2000.0,0.128,SSD,2048.0,2.5,SATA 6.0 Gb/s,2.0 TB
Verbatim Vi5000,78.5,1000.0,0.079,SSD,,M.2-2280,M.2 PCIe 4.0 X4,1.0 TB
Western Digital Black SN850,112.99,1000.0,0.113,SSD,,M.2-2280,M.2 PCIe 4.0 X4,1.0 TB
TEAMGROUP AX2,54.99,1000.0,0.055,SSD,,2.5,SATA 6.0 Gb/s,1.0 TB
Lexar NM710,34.99,500.0,0.07,SSD,,M.2-2280,M.2 PCIe 4.0 X4,500.0 GB
Corsair MP600 ELITE,159.99,2000.0,0.08,SSD,,M.2-2280,M.2 PCIe 4.0 X4,2.0 TB
Intel 670p,149.0,2000.0,0.074,SSD,,M.2-2280,M.2 PCIe 3.0 X4,2.0 TB
Samsung 970 Pro,199.99,512.0,0.391,SSD,512.0,M.2-2280,M.2 PCIe 3.0 X4,512.0 GB
Kingston NV1,48.99,500.0,0.098,SSD,,M.2-2280,M.2 PCIe 3.0 X4,500.0 GB
Corsair MP600 ELITE,89.99,1000.0,0.09,SSD,,M.2-2280,M.2 PCIe 4.0 X4,1.0 TB
ADATA XPG SX8200 Pro,57.16,512.0,0.112,SSD,,M.2-2280,M.2 PCIe 3.0 X4,512.0 GB
MSI SPATIUM M461,267.7,4000.0,0.067,SSD,,M.2-2280,M.2 PCIe 4.0 X4,4.0 TB
Western Digital Black SN750,74.98,500.0,0.15,SSD,,M.2-2280,M.2 PCIe 3.0 X4,500.0 GB
Gigabyte AORUS Gen4 7000s,92.43,1000.0,0.092,SSD,1024.0,M.2-2280,M.2 PCIe 4.0 X4,1.0 TB
Silicon Power XS70,149.99,2000.0,0.075,SSD,,M.2-2280,M.2 PCIe 4.0 X4,2.0 TB
ADATA XPG SPECTRIX S40G RGB,82.22,1000.0,0.082,SSD,,M.2-2280,M.2 PCIe 3.0 X4,1.0 TB
Crucial T500 W/Heatsink,160.99,2000.0,0.08,SSD,,M.2-2280,M.2 PCIe 4.0 X4,2.0 TB
Samsung 980 Pro,129.99,250.0,0.52,SSD,512.0,M.2-2280,M.2 PCIe 4.0 X4,250.0 GB
Western Digital Black SN850,84.0,500.0,0.168,SSD,,M.2-2280,M.2 PCIe 4.0 X4,500.0 GB
TEAMGROUP EX2,106.99,2000.0,0.053,SSD,,2.5,SATA 6.0 Gb/s,2.0 TB
Crucial T500,72.99,500.0,0.146,SSD,,M.2-2280,M.2 PCIe 4.0 X4,500.0 GB
Solidigm P41 Plus,47.89,500.0,0.096,SSD,,M.2-2280,M.2 PCIe 4.0 X4,500.0 GB
FanXiang S880,129.99,2000.0,0.065,SSD,,M.2-2280,M.2 PCIe 4.0 X4,2.0 TB
Western Digital Blue SN570,39.99,250.0,0.16,SSD,,M.2-2280,M.2 PCIe 3.0 X4,250.0 GB
MSI SPATIUM M460,72.99,1000.0,0.073,SSD,,M.2-2280,M.2 PCIe 4.0 X4,1.0 TB
Samsung 860 QVO,123.91,1000.0,0.124,SSD,,2.5,SATA 6.0 Gb/s,1.0 TB
Crucial T500 W/Heatsink,89.99,1000.0,0.09,SSD,,M.2-2280,M.2 PCIe 4.0 X4,1.0 TB
Silicon Power A55,59.99,1000.0,0.06,SSD,,M.2-2280,M.2 SATA,1.0 TB
Mushkin Helix-L,106.99,2000.0,0.053,SSD,,M.2-2280,M.2 PCIe 3.0 X4,2.0 TB
SK Hynix Gold P31,149.99,2000.0,0.075,SSD,,M.2-2280,M.2 PCIe 3.0 X4,2.0 TB
Timetec 35TTFP6PCIE,59.99,1000.0,0.06,SSD,,M.2-2280,M.2 PCIe 3.0 X4,1.0 TB
Intel 670p,51.9,512.0,0.101,SSD,,M.2-2280,M.2 PCIe 3.0 X4,512.0 GB
Samsung 970 Pro,392.99,1000.0,0.393,SSD,1024.0,M.2-2280,M.2 PCIe 3.0 X4,1.0 TB
TEAMGROUP QX,96.99,2000.0,0.048,SSD,,2.5,SATA 6.0 Gb/s,2.0 TB
Samsung 970 Evo,248.99,2000.0,0.124,SSD,2048.0,M.2-2280,M.2 PCIe 3.0 X4,2.0 TB
Samsung 960 Pro,689.95,2000.0,0.345,SSD,2048.0,M.2-2280,M.2 PCIe 3.0 X4,2.0 TB
Samsung 850 Evo,129.23,1000.0,0.129,SSD,,2.5,SATA 6.0 Gb/s,1.0 TB
Samsung 850 Pro,210.28,1000.0,0.21,SSD,,2.5,SATA 6.0 Gb/s,1.0 TB
Crucial P2,121.99,2000.0,0.061,SSD,,M.2-2280,M.2 PCIe 3.0 X4,2.0 TB
Crucial P5 Plus W/Heatsink,93.99,1000.0,0.094,SSD,,M.2-2280,M.2 PCIe 4.0 X4,1.0 TB
ADATA Ultimate SU650,15.99,120.0,0.133,SSD,,2.5,SATA 6.0 Gb/s,120.0 GB
Western Digital Blue SA510,86.45,1000.0,0.086,SSD,,2.5,SATA 6.0 Gb/s,1.0 TB
Mushkin Tempest,102.99,2000.0,0.051,SSD,,M.2-2280,M.2 PCIe 3.0 X4,2.0 TB
Western Digital Black AN1500,365.03,4000.0,0.091,SSD,,PCIe,PCIe x8,4.0 TB
Samsung 860 Evo,379.24,4000.0,0.095,SSD,4096.0,2.5,SATA 6.0 Gb/s,4.0 TB
Silicon Power P34A60,27.99,256.0,0.109,SSD,,M.2-2280,M.2 PCIe 3.0 X4,256.0 GB
Western Digital Black SN750,646.48,4000.0,0.162,SSD,,M.2-2280,M.2 PCIe 3.0 X4,4.0 TB
SanDisk SSD PLUS,124.99,2000.0,0.062,SSD,,2.5,SATA 6.0 Gb/s,2.0 TB
TEAMGROUP T-Force Vulcan Z,20.99,256.0,0.082,SSD,,2.5,SATA 6.0 Gb/s,256.0 GB
ADATA Legend 710,73.43,1000.0,0.073,SSD,,M.2-2280,M.2 PCIe 3.0 X4,1.0 TB
ADATA Legend 960,163.8,2000.0,0.082,SSD,,M.2-2280,M.2 PCIe 4.0 X4,2.0 TB
Silicon Power XS70,89.99,1000.0,0.09,SSD,,M.2-2280,M.2 PCIe 4.0 X4,1.0 TB
Samsung 960 Evo,139.99,500.0,0.28,SSD,512.0,M.2-2280,M.2 PCIe 3.0 X4,500.0 GB
Samsung 970 Evo,92.0,250.0,0.368,SSD,512.0,M.2-2280,M.2 PCIe 3.0 X4,250.0 GB
Gigabyte GP-GSTFS31480GNTD,43.03,480.0,0.09,SSD,,2.5,SATA 6.0 Gb/s,480.0 GB
Corsair MP600 PRO XT,103.99,1000.0,0.104,SSD,,M.2-2280,M.2 PCIe 4.0 X4,1.0 TB
PNY CS1030,36.99,500.0,0.074,SSD,,M.2-2280,M.2 PCIe 3.0 X4,500.0 GB
Silicon Power US75,77.98,1000.0,0.078,SSD,,M.2-2280,M.2 PCIe 4.0 X4,1.0 TB
TEAMGROUP CX2,54.99,1000.0,0.055,SSD,,2.5,SATA 6.0 Gb/s,1.0 TB
Corsair MP600 Force Series Gen4,208.65,1000.0,0.209,SSD,,M.2-2280,M.2 PCIe 3.0 X4,1.0 TB
Patriot Burst Elite,17.98,240.0,0.075,SSD,,2.5,SATA 6.0 Gb/s,240.0 GB
TEAMGROUP MS30,23.99,256.0,0.094,SSD,,M.2-2280,M.2 SATA,256.0 GB
ADATA XPG SPECTRIX S40G RGB,55.42,512.0,0.108,SSD,,M.2-2280,M.2 PCIe 3.0 X4,512.0 GB
HP FX900 Pro,84.99,1000.0,0.085,SSD,,M.2-2280,M.2 PCIe 4.0 X4,1.0 TB
Western Digital Green,72.02,1000.0,0.072,SSD,,2.5,SATA 6.0 Gb/s,1.0 TB
Gigabyte GP-GSM2NE3256GNTD,36.79,256.0,0.144,SSD,,M.2-2280,M.2 PCIe 3.0 X4,256.0 GB
SanDisk SSD PLUS,43.78,480.0,0.091,SSD,,2.5,SATA 6.0 Gb/s,480.0 GB
Western Digital PC SN730,45.0,512.0,0.088,SSD,,M.2-2280,M.2 PCIe 3.0 X4,512.0 GB
Solidigm P44 Pro,67.94,512.0,0.133,SSD,,M.2-2280,M.2 PCIe 4.0 X4,512.0 GB
Intel 660p,86.99,512.0,0.17,SSD,,M.2-2280,M.2 PCIe 3.0 X4,512.0 GB
TEAMGROUP MP33 PRO,110.99,2000.0,0.055,SSD,,M.2-2280,M.2 PCIe 3.0 X4,2.0 TB
AGI AI198,44.0,512.0,0.086,SSD,,M.2-2280,M.2 PCIe 3.0 X4,512.0 GB
Lexar NM790 w/Heatsink,149.99,2000.0,0.075,SSD,,M.2-2280,M.2 PCIe 4.0 X4,2.0 TB
SanDisk Ultra 3D,249.99,4000.0,0.062,SSD,,2.5,SATA 6.0 Gb/s,4.0 TB
ADATA LEGEND 850 LITE,112.99,2000.0,0.056,SSD,,M.2-2280,M.2 PCIe 4.0 X4,2.0 TB
Seagate BarraCuda Q5,123.0,2000.0,0.062,SSD,,M.2-2280,M.2 PCIe 3.0 X4,2.0 TB
Western Digital Black SN850,234.99,2000.0,0.117,SSD,,M.2-2280,M.2 PCIe 4.0 X4,2.0 TB
ADATA LEGEND 840,44.99,512.0,0.088,SSD,,M.2-2280,M.2 PCIe 4.0 X4,512.0 GB
ADATA XPG GAMMIX S60 Blade,72.99,1000.0,0.073,SSD,,M.2-2280,M.2 PCIe 4.0 X4,1.0 TB
TEAMGROUP T-Create Classic DL,68.98,1000.0,0.069,SSD,,M.2-2280,M.2 PCIe 4.0 X4,1.0 TB
Seagate FireCuda 520,59.55,500.0,0.119,SSD,,M.2-2280,M.2 PCIe 4.0 X4,500.0 GB
Corsair MP600 PRO LPX,164.99,2000.0,0.082,SSD,,M.2-2280,M.2 PCIe 4.0 X4,2.0 TB
Samsung 850 Pro,155.25,256.0,0.606,SSD,,2.5,SATA 6.0 Gb/s,256.0 GB
TEAMGROUP GX2,61.99,1000.0,0.062,SSD,,2.5,SATA 6.0 Gb/s,1.0 TB
Crucial P5,119.99,1000.0,0.12,SSD,,M.2-2280,M.2 PCIe 3.0 X4,1.0 TB
ADATA LEGEND 850 LITE,68.98,1000.0,0.069,SSD,,M.2-2280,M.2 PCIe 4.0 X4,1.0 TB
Corsair MP600 GS,83.99,1000.0,0.084,SSD,,M.2-2280,M.2 PCIe 4.0 X4,1.0 TB
PNY CS2241,129.99,2000.0,0.065,SSD,,M.2-2280,M.2 PCIe 4.0 X4,2.0 TB
Intel 660p,74.95,1000.0,0.075,SSD,,M.2-2280,M.2 PCIe 3.0 X4,1.0 TB
ADATA SU630,56.76,480.0,0.118,SSD,,2.5,SATA 6.0 Gb/s,480.0 GB
Kingston SSDNow V300,44.99,120.0,0.375,SSD,,2.5,SATA 6.0 Gb/s,120.0 GB
Lexar NS100,83.99,512.0,0.164,SSD,,2.5,SATA 6.0 Gb/s,512.0 GB
Western Digital WD_BLACK SN850P for PS5,126.48,1000.0,0.126,SSD,,M.2-2280,M.2 PCIe 4.0 X4,1.0 TB
Transcend 110S,24.99,128.0,0.195,SSD,,M.2-2280,M.2 PCIe 3.0 X4,128.0 GB
Gigabyte AORUS Gen4,169.0,1000.0,0.169,SSD,2048.0,M.2-2280,M.2 PCIe 4.0 X4,1.0 TB
Seagate FireCuda 530,827.0,4000.0,0.207,SSD,,M.2-2280,M.2 PCIe 4.0 X4,4.0 TB
Silicon Power A55,34.99,512.0,0.068,SSD,,M.2-2280,M.2 SATA,512.0 GB
Western Digital Blue,184.44,2000.0,0.092,SSD,,2.5,SATA 6.0 Gb/s,2.0 TB
ADATA LEGEND 960 MAX,89.99,1000.0,0.09,SSD,,M.2-2280,M.2 PCIe 4.0 X4,1.0 TB
Verbatim Vi3000,115.27,2000.0,0.058,SSD,,M.2-2280,M.2 PCIe 3.0 X4,2.0 TB
Corsair MP600 GS,198.99,2000.0,0.099,SSD,,M.2-2280,M.2 PCIe 4.0 X4,2.0 TB
Inland TN450,46.99,500.0,0.094,SSD,,M.2-2280,M.2 PCIe 4.0 X4,500.0 GB
Patriot Viper VP4300 Lite,229.99,4000.0,0.057,SSD,,M.2-2280,M.2 PCIe 4.0 X4,4.0 TB
Verbatim Vi550,41.98,512.0,0.082,SSD,,2.5,SATA 6.0 Gb/s,512.0 GB
ADATA XPG SX6000 Pro,31.17,256.0,0.122,SSD,,M.2-2280,M.2 PCIe 3.0 X4,256.0 GB
Crucial P1,74.22,500.0,0.148,SSD,,M.2-2280,M.2 PCIe 3.0 X4,500.0 GB
KIOXIA EXCERIA,89.5,500.0,0.179,SSD,,M.2-2280,M.2 PCIe 3.0 X4,500.0 GB
PNY CS2241,67.99,1000.0,0.068,SSD,,M.2-2280,M.2 PCIe 4.0 X4,1.0 TB
Patriot P400 Lite,89.33,1000.0,0.089,SSD,,M.2-2280,M.2 PCIe 4.0 X4,1.0 TB
Verbatim Vi5000,134.44,2000.0,0.067,SSD,,M.2-2280,M.2 PCIe 4.0 X4,2.0 TB
Kingston Fury Renegade,78.48,500.0,0.157,SSD,,M.2-2280,M.2 PCIe 4.0 X4,500.0 GB
KingSpec XG7000 PRO,89.99,1000.0,0.09,SSD,,M.2-2280,M.2 PCIe 4.0 X4,1.0 TB
Western Digital Blue,49.99,250.0,0.2,SSD,,2.5,SATA 6.0 Gb/s,250.0 GB
Western Digital Blue,87.2,1000.0,0.087,SSD,,M.2-2280,M.2 SATA,1.0 TB
Western Digital Black AN1500,205.11,2000.0,0.103,SSD,,PCIe,PCIe x8,2.0 TB
Western Digital Blue SN570,209.0,2000.0,0.104,SSD,,M.2-2280,M.2 PCIe 3.0 X4,2.0 TB
Kingston Fury Renegade with Heat Sink,406.43,4000.0,0.102,SSD,,M.2-2280,M.2 PCIe 4.0 X4,4.0 TB
Samsung 840 Evo,95.0,250.0,0.38,SSD,,2.5,SATA 6.0 Gb/s,250.0 GB
Silicon Power A55,24.99,256.0,0.098,SSD,,2.5,SATA 6.0 Gb/s,256.0 GB
Corsair MP600 PRO NH,64.98,500.0,0.13,SSD,,M.2-2280,M.2 PCIe 4.0 X4,500.0 GB
PNY CS900,29.7,250.0,0.119,SSD,,2.5,SATA 6.0 Gb/s,250.0 GB
Inland Professional,20.99,120.0,0.175,SSD,,2.5,SATA 6.0 Gb/s,120.0 GB
ADATA XPG GAMMIX S11 Pro,95.09,1000.0,0.095,SSD,,M.2-2280,M.2 PCIe 3.0 X4,1.0 TB
ADATA LEGEND 700,101.91,1000.0,0.102,SSD,,M.2-2280,M.2 PCIe 3.0 X4,1.0 TB
Inland Performance Plus,281.99,4000.0,0.07,SSD,,M.2-2280,M.2 PCIe 4.0 X4,4.0 TB
Western Digital Blue SN550,39.99,250.0,0.16,SSD,,M.2-2280,M.2 PCIe 3.0 X4,250.0 GB
Western Digital WD_BLACK SN850P for PS5,199.99,2000.0,0.1,SSD,,M.2-2280,M.2 PCIe 4.0 X4,2.0 TB
Western Digital Blue SA510,56.99,500.0,0.114,SSD,,2.5,SATA 6.0 Gb/s,500.0 GB
SK Hynix Gold P31,62.99,500.0,0.126,SSD,,M.2-2280,M.2 PCIe 3.0 X4,500.0 GB
KIOXIA EXCERIA PRO,259.33,2000.0,0.13,SSD,,M.2-2280,M.2 PCIe 4.0 X4,2.0 TB
Silicon Power XS70,299.99,4000.0,0.075,SSD,,M.2-2280,M.2 PCIe 4.0 X4,4.0 TB
ADATA XPG GAMMIX S70 Blade,279.99,4000.0,0.07,SSD,,M.2-2280,M.2 PCIe 4.0 X4,4.0 TB
Verbatim Vi3000,70.99,1000.0,0.071,SSD,,M.2-2280,M.2 PCIe 3.0 X4,1.0 TB
Western Digital Blue SN580,46.99,250.0,0.188,SSD,,M.2-2280,M.2 PCIe 4.0 X4,250.0 GB
Samsung 960 Pro,177.71,512.0,0.347,SSD,512.0,M.2-2280,M.2 PCIe 3.0 X4,512.0 GB
Silicon Power US75,132.99,2000.0,0.066,SSD,,M.2-2280,M.2 PCIe 4.0 X4,2.0 TB
Kingston KC600,58.88,512.0,0.115,SSD,,2.5,SATA 6.0 Gb/s,512.0 GB
Western Digital SN530,59.99,512.0,0.117,SSD,,M.2-2280,M.2 PCIe 3.0 X4,512.0 GB
Corsair MP600 PRO LPX,399.99,4000.0,0.1,SSD,,M.2-2280,M.2 PCIe 4.0 X4,4.0 TB
Addlink S70,67.88,1000.0,0.068,SSD,,M.2-2280,M.2 PCIe 3.0 X4,1.0 TB
Intel SSDPEDMD020T401,1701.41,2000.0,0.851,SSD,,PCIe,PCIe x4,2.0 TB
Corsair MP600,108.99,1000.0,0.109,SSD,,M.2-2280,M.2 PCIe 4.0 X4,1.0 TB
Inland TN320,42.99,512.0,0.084,SSD,,M.2-2280,M.2 PCIe 3.0 X4,512.0 GB
Western Digital Blue,469.98,4000.0,0.117,SSD,,2.5,SATA 6.0 Gb/s,4.0 TB
PNY CS900,124.99,2000.0,0.062,SSD,,2.5,SATA 6.0 Gb/s,2.0 TB
ADATA Ultimate SU650,9.5,120.0,0.079,SSD,,M.2-2280,M.2 SATA,120.0 GB
Corsair MP600 MICRO,94.99,1000.0,0.095,SSD,,M.2-2242,M.2 PCIe 4.0 X4,1.0 TB
Western Digital Black SN750,44.0,250.0,0.176,SSD,,M.2-2280,M.2 PCIe 3.0 X4,250.0 GB
ADATA Legend 800,50.79,500.0,0.102,SSD,,M.2-2280,M.2 PCIe 4.0 X4,500.0 GB
Gigabyte AORUS Gen4 5000E,88.98,1000.0,0.089,SSD,,M.2-2280,M.2 PCIe 4.0 X4,1.0 TB
Kingston Fury Renegade with Heat Sink,209.99,2000.0,0.105,SSD,,M.2-2280,M.2 PCIe 4.0 X4,2.0 TB
Klevv CRAS C710,39.99,512.0,0.078,SSD,,M.2-2280,M.2 PCIe 3.0 X4,512.0 GB
TEAMGROUP T-Force Vulcan Z,103.99,2000.0,0.052,SSD,,2.5,SATA 6.0 Gb/s,2.0 TB
PNY CS1031,147.85,2000.0,0.074,SSD,,M.2-2280,M.2 PCIe 3.0 X4,2.0 TB
TEAMGROUP CX2,32.99,512.0,0.064,SSD,,2.5,SATA 6.0 Gb/s,512.0 GB
Timetec 35TTFP6PCIE,37.99,512.0,0.074,SSD,,M.2-2280,M.2 PCIe 3.0 X4,512.0 GB
Intenso Top Performance,57.3,512.0,0.112,SSD,,M.2-2280,M.2 SATA,512.0 GB
Western Digital Green,42.0,480.0,0.087,SSD,,2.5,SATA 6.0 Gb/s,480.0 GB
Patriot P400 Lite,29.99,250.0,0.12,SSD,,M.2-2280,M.2 PCIe 4.0 X4,250.0 GB
Western Digital Black SN750 SE,69.98,500.0,0.14,SSD,,M.2-2280,M.2 PCIe 4.0 X4,500.0 GB
Corsair MP600 PRO NH,99.99,1000.0,0.1,SSD,,M.2-2280,M.2 PCIe 4.0 X4,1.0 TB
Lexar Professional NM800PRO,79.99,1000.0,0.08,SSD,,M.2-2280,M.2 PCIe 4.0 X4,1.0 TB
Acer FA100,114.99,2000.0,0.057,SSD,,M.2-2280,M.2 PCIe 3.0 X4,2.0 TB
KingSpec XG7000,268.99,4000.0,0.067,SSD,,M.2-2280,M.2 PCIe 4.0 X4,4.0 TB
ADATA Legend 960,97.68,1000.0,0.098,SSD,,M.2-2280,M.2 PCIe 4.0 X4,1.0 TB
Samsung PM961,93.99,512.0,0.184,SSD,,M.2-2280,M.2 PCIe 3.0 X4,512.0 GB
Western Digital Blue,85.64,500.0,0.171,SSD,,M.2-2280,M.2 SATA,500.0 GB
Seagate FireCuda 530 w/Heatsink,569.57,4000.0,0.142,SSD,,M.2-2280,M.2 PCIe 4.0 X4,4.0 TB
Kingston A400,40.99,240.0,0.171,SSD,,M.2-2280,M.2 SATA,240.0 GB
SK Hynix Platinum P41,82.99,500.0,0.166,SSD,,M.2-2280,M.2 PCIe 4.0 X4,500.0 GB
SanDisk SSD PLUS,64.15,120.0,0.535,SSD,,2.5,SATA 6.0 Gb/s,120.0 GB
Intenso High Performance,18.66,120.0,0.155,SSD,,2.5,SATA 6.0 Gb/s,120.0 GB
Samsung 960 Evo,197.99,1000.0,0.198,SSD,1024.0,M.2-2280,M.2 PCIe 3.0 X4,1.0 TB
SanDisk Ultra 3D,127.37,500.0,0.255,SSD,,2.5,SATA 6.0 Gb/s,500.0 GB
PNY CS2230,105.02,1000.0,0.105,SSD,,M.2-2280,M.2 PCIe 3.0 X4,1.0 TB
Silicon Power A55,30.36,128.0,0.237,SSD,,2.5,SATA 6.0 Gb/s,128.0 GB
Patriot Burst Elite,28.99,480.0,0.06,SSD,,2.5,SATA 6.0 Gb/s,480.0 GB
Lexar NS100,39.99,256.0,0.156,SSD,,2.5,SATA 6.0 Gb/s,256.0 GB
Seagate FireCuda 520,170.0,1000.0,0.17,SSD,,M.2-2280,M.2 PCIe 4.0 X4,1.0 TB
Leven JM600,20.99,256.0,0.082,SSD,,M.2-2280,M.2 SATA,256.0 GB
KingSpec XG7000 PRO,149.99,2000.0,0.075,SSD,,M.2-2280,M.2 PCIe 4.0 X4,2.0 TB
Corsair MP600 PRO LPX,102.99,1000.0,0.103,SSD,,M.2-2280,M.2 PCIe 4.0 X4,1.0 TB
Western Digital Black SN750,409.0,2000.0,0.204,SSD,,M.2-2280,M.2 PCIe 3.0 X4,2.0 TB
Western Digital Green,52.24,240.0,0.218,SSD,,M.2-2280,M.2 SATA,240.0 GB
Patriot P400 Lite,109.99,2000.0,0.055,SSD,,M.2-2280,M.2 PCIe 4.0 X4,2.0 TB
PNY CS2140,54.0,500.0,0.108,SSD,,M.2-2280,M.2 PCIe 4.0 X4,500.0 GB
ADATA SU800,55.99,512.0,0.109,SSD,,2.5,SATA 6.0 Gb/s,512.0 GB
Intel DC P4511,140.19,1000.0,0.14,SSD,,M.2-22110,M.2 PCIe 3.0 X4,1.0 TB
Kingston Fury Renegade with Heat Sink,124.99,1000.0,0.125,SSD,,M.2-2280,M.2 PCIe 4.0 X4,1.0 TB
Sabrent Rocket 4 Plus G,499.99,4000.0,0.125,SSD,,M.2-2280,M.2 PCIe 4.0 X4,4.0 TB
Corsair MP600 PRO NH,429.99,4000.0,0.107,SSD,,M.2-2280,M.2 PCIe 4.0 X4,4.0 TB
Kingston Q500,68.98,960.0,0.072,SSD,,2.5,SATA 6.0 Gb/s,960.0 GB
Inland Professional,64.98,1000.0,0.065,SSD,,2.5,SATA 6.0 Gb/s,1.0 TB
ADATA Ultimate SU650,24.99,240.0,0.104,SSD,,2.5,SATA 6.0 Gb/s,240.0 GB
PNY CS2140,117.3,1000.0,0.117,SSD,,M.2-2280,M.2 PCIe 4.0 X4,1.0 TB
Gigabyte Gen3 2500E,56.78,500.0,0.114,SSD,,M.2-2280,M.2 PCIe 3.0 X4,500.0 GB
Corsair MP510,168.46,960.0,0.175,SSD,,M.2-2280,M.2 PCIe 3.0 X4,960.0 GB
ADATA SU800,104.99,1000.0,0.105,SSD,,2.5,SATA 6.0 Gb/s,1.0 TB
Samsung 850 Pro,190.0,512.0,0.371,SSD,,2.5,SATA 6.0 Gb/s,512.0 GB
TEAMGROUP T-Create Classic,111.99,2000.0,0.056,SSD,,M.2-2280,M.2 PCIe 3.0 X4,2.0 TB
Corsair MP600 GS,58.99,500.0,0.118,SSD,,M.2-2280,M.2 PCIe 4.0 X4,500.0 GB
Acer FA100,72.98,1000.0,0.073,SSD,,M.2-2280,M.2 PCIe 3.0 X4,1.0 TB
Western Digital Blue,157.86,2000.0,0.079,SSD,,M.2-2280,M.2 SATA,2.0 TB
Verbatim Vi550,19.77,128.0,0.154,SSD,,2.5,SATA 6.0 Gb/s,128.0 GB
Corsair MP600 PRO LPX,69.98,500.0,0.14,SSD,,M.2-2280,M.2 PCIe 4.0 X4,500.0 GB
Seagate FireCuda 530 w/Heatsink,224.75,2000.0,0.112,SSD,,M.2-2280,M.2 PCIe 4.0 X4,2.0 TB
TEAMGROUP AX2,102.99,2000.0,0.051,SSD,,2.5,SATA 6.0 Gb/s,2.0 TB
Inland Professional,25.99,240.0,0.108,SSD,,2.5,SATA 6.0 Gb/s,240.0 GB
TEAMGROUP T-Force Delta Max RGB Lite,79.98,1000.0,0.08,SSD,,2.5,SATA 6.0 Gb/s,1.0 TB
Crucial P2,49.99,250.0,0.2,SSD,,M.2-2280,M.2 PCIe 3.0 X4,250.0 GB
Sabrent Rocket 4,99.99,1000.0,0.1,SSD,,M.2-2280,M.2 PCIe 4.0 X4,1.0 TB
MSI SPATIUM M470,149.99,1000.0,0.15,SSD,,M.2-2280,M.2 PCIe 4.0 X4,1.0 TB
Lexar NM620,74.98,1000.0,0.075,SSD,,M.2-2280,M.2 PCIe 3.0 X4,1.0 TB
Western Digital Red SN700,329.99,4000.0,0.082,SSD,,M.2-2280,M.2 PCIe 3.0 X4,4.0 TB
Corsair MP600 PRO LPX,339.99,4000.0,0.085,SSD,,M.2-2280,M.2 PCIe 4.0 X4,4.0 TB
FanXiang S880,269.99,4000.0,0.067,SSD,,M.2-2280,M.2 PCIe 4.0 X4,4.0 TB
Western Digital Black SN750 SE,45.0,250.0,0.18,SSD,,M.2-2280,M.2 PCIe 4.0 X4,250.0 GB
Acer Predator GM7,310.99,2000.0,0.155,SSD,,M.2-2280,M.2 PCIe 4.0 X4,2.0 TB
ADATA LEGEND 960 MAX,149.99,2000.0,0.075,SSD,,M.2-2280,M.2 PCIe 4.0 X4,2.0 TB
PNY CS1030,33.71,250.0,0.135,SSD,,M.2-2280,M.2 PCIe 3.0 X4,250.0 GB
TEAMGROUP MS30,50.06,128.0,0.391,SSD,,M.2-2280,M.2 SATA,128.0 GB
TEAMGROUP T-Create Classic C47,249.99,4000.0,0.062,SSD,,M.2-2280,M.2 PCIe 4.0 X4,4.0 TB
Seagate FireCuda 520,403.26,2000.0,0.202,SSD,,M.2-2280,M.2 PCIe 4.0 X4,2.0 TB
Silicon Power SU128GBSS3A55S25AE,18.99,128.0,0.148,SSD,,2.5,SATA 6.0 Gb/s,128.0 GB
Sabrent Rocket 4,199.99,2000.0,0.1,SSD,,M.2-2280,M.2 PCIe 4.0 X4,2.0 TB
TEAMGROUP Z440 Lite,72.98,1000.0,0.073,SSD,,M.2-2280,M.2 PCIe 4.0 X4,1.0 TB
Inland Professional,25.99,256.0,0.102,SSD,,2.5,SATA 6.0 Gb/s,256.0 GB
Western Digital Black AN1500,365.03,1000.0,0.365,SSD,,PCIe,PCIe x8,1.0 TB
Samsung 860 QVO,199.3,2000.0,0.1,SSD,,2.5,SATA 6.0 Gb/s,2.0 TB
ADATA XPG SX6000 Pro,51.17,512.0,0.1,SSD,,M.2-2280,M.2 PCIe 3.0 X4,512.0 GB
KingSpec XG7000,119.99,2000.0,0.06,SSD,,M.2-2242,M.2 PCIe 4.0 X4,2.0 TB
TEAMGROUP QX,32.99,512.0,0.064,SSD,,2.5,SATA 6.0 Gb/s,512.0 GB
Corsair MP600 PRO,160.99,2000.0,0.08,SSD,,M.2-2280,M.2 PCIe 4.0 X4,2.0 TB
Gigabyte GP-GSTFS31240GNTD,32.58,240.0,0.136,SSD,,2.5,SATA 6.0 Gb/s,240.0 GB
ADATA XPG GAMMIX S60 Blade,132.99,2000.0,0.066,SSD,,M.2-2280,M.2 PCIe 4.0 X4,2.0 TB
TEAMGROUP QX,55.99,1000.0,0.056,SSD,,2.5,SATA 6.0 Gb/s,1.0 TB
ADATA Legend 850,69.99,1000.0,0.07,SSD,,M.2-2280,M.2 PCIe 4.0 X4,1.0 TB
TEAMGROUP AX2,32.99,512.0,0.064,SSD,,2.5,SATA 6.0 Gb/s,512.0 GB
Western Digital WD_BLACK SN850P for PS5,347.99,4000.0,0.087,SSD,,M.2-2280,M.2 PCIe 4.0 X4,4.0 TB
Lexar Professional NM800PRO,159.99,2000.0,0.08,SSD,,M.2-2280,M.2 PCIe 4.0 X4,2.0 TB
ADATA XPG GAMMIX S70 Blade,66.16,512.0,0.129,SSD,,M.2-2280,M.2 PCIe 4.0 X4,512.0 GB
Kingston A400,40.99,120.0,0.342,SSD,,M.2-2280,M.2 SATA,120.0 GB
Samsung 860 Evo,213.13,1000.0,0.213,SSD,1024.0,M.2-2280,M.2 SATA,1.0 TB
Intenso 3812430,18.66,128.0,0.146,SSD,,2.5,SATA 6.0 Gb/s,128.0 GB
Samsung 860 Evo,165.0,500.0,0.33,SSD,512.0,M.2-2280,M.2 SATA,500.0 GB
FanXiang S660,124.99,2000.0,0.062,SSD,,M.2-2280,M.2 PCIe 4.0 X4,2.0 TB
Western Digital Red SA500,89.99,1000.0,0.09,SSD,,2.5,SATA 6.0 Gb/s,1.0 TB
Nextorage NEM-PA,89.99,1000.0,0.09,SSD,,M.2-2280,M.2 PCIe 4.0 X4,1.0 TB
Kingston NV1,38.88,250.0,0.156,SSD,,M.2-2280,M.2 PCIe 3.0 X4,250.0 GB
TEAMGROUP T-Create Classic C47,129.99,2000.0,0.065,SSD,,M.2-2280,M.2 PCIe 4.0 X4,2.0 TB
PNY CS3140,299.99,4000.0,0.075,SSD,,M.2-2280,M.2 PCIe 4.0 X4,4.0 TB
Inland Professional,39.99,512.0,0.078,SSD,,2.5,SATA 6.0 Gb/s,512.0 GB
Corsair MP600 ELITE w/Heatsink,184.99,2000.0,0.092,SSD,,M.2-2280,M.2 PCIe 4.0 X4,2.0 TB
Sabrent Rocket 4 Plus G,119.99,1000.0,0.12,SSD,,M.2-2280,M.2 PCIe 4.0 X4,1.0 TB
Intenso Top Performance,18.32,128.0,0.143,SSD,,M.2-2280,M.2 SATA,128.0 GB
TEAMGROUP T-FORCE G70 PRO Graphene,139.99,2000.0,0.07,SSD,,M.2-2280,M.2 PCIe 4.0 X4,2.0 TB
PNY CS1031,52.0,500.0,0.104,SSD,,M.2-2280,M.2 PCIe 3.0 X4,500.0 GB
TEAMGROUP T-Create Classic C47,74.98,1000.0,0.075,SSD,,M.2-2280,M.2 PCIe 4.0 X4,1.0 TB
Silicon Power P34A60,23.99,128.0,0.187,SSD,,M.2-2280,M.2 PCIe 3.0 X4,128.0 GB
Inland TN320,67.98,1000.0,0.068,SSD,,M.2-2280,M.2 PCIe 3.0 X4,1.0 TB
Mushkin Vortex-LX,127.99,2000.0,0.064,SSD,,M.2-2280,M.2 PCIe 4.0 X4,2.0 TB
PNY CS2230,61.77,500.0,0.124,SSD,,M.2-2280,M.2 PCIe 3.0 X4,500.0 GB
Seagate FireCuda 530 w/Heatsink,129.99,1000.0,0.13,SSD,,M.2-2280,M.2 PCIe 4.0 X4,1.0 TB
ADATA SU800,41.48,256.0,0.162,SSD,,2.5,SATA 6.0 Gb/s,256.0 GB
TEAMGROUP T-Force Cardea Z44L,35.99,250.0,0.144,SSD,,M.2-2280,M.2 PCIe 4.0 X4,250.0 GB
HP FX900,47.99,512.0,0.094,SSD,,M.2-2280,M.2 PCIe 4.0 X4,512.0 GB
Patriot Viper VPR400 RGB,76.98,1000.0,0.077,SSD,,M.2-2280,M.2 PCIe 4.0 X4,1.0 TB
Crucial MX500,88.67,500.0,0.177,SSD,,M.2-2280,M.2 SATA,500.0 GB
Western Digital Green,25.68,240.0,0.107,SSD,,2.5,SATA 6.0 Gb/s,240.0 GB
Silicon Power A55,18.98,128.0,0.148,SSD,,M.2-2280,M.2 SATA,128.0 GB
Transcend 250S,70.25,1000.0,0.07,SSD,,M.2-2280,M.2 PCIe 4.0 X4,1.0 TB
Corsair MP600 ELITE w/Heatsink,92.99,1000.0,0.093,SSD,,M.2-2280,M.2 PCIe 4.0 X4,1.0 TB
Corsair MP600 ELITE PS5,84.99,1000.0,0.085,SSD,,M.2-2280,M.2 PCIe 4.0 X4,1.0 TB
MSI SPATIUM M480,99.0,1000.0,0.099,SSD,,M.2-2280,M.2 PCIe 4.0 X4,1.0 TB
Gigabyte GP-GSTFS31256GTND,31.42,256.0,0.123,SSD,,2.5,SATA 6.0 Gb/s,256.0 GB
Samsung 840 Evo,159.99,500.0,0.32,SSD,,2.5,SATA 6.0 Gb/s,500.0 GB
HP EX900 Plus,71.98,1000.0,0.072,SSD,,M.2-2280,M.2 PCIe 3.0 X4,1.0 TB
Verbatim Vi7000G,129.99,2000.0,0.065,SSD,,M.2-2280,M.2 PCIe 4.0 X4,2.0 TB
HP FX900 Pro,274.99,4000.0,0.069,SSD,,M.2-2280,M.2 PCIe 4.0 X4,4.0 TB
ADATA SU630,95.69,960.0,0.1,SSD,,2.5,SATA 6.0 Gb/s,960.0 GB
Transcend 250S,220.59,2000.0,0.11,SSD,,M.2-2280,M.2 PCIe 4.0 X4,2.0 TB
Leven JS600,97.99,2000.0,0.049,SSD,,2.5,SATA 6.0 Gb/s,2.0 TB
TEAMGROUP T-FORCE G50,68.99,1000.0,0.069,SSD,,M.2-2280,M.2 PCIe 4.0 X4,1.0 TB
TEAMGROUP EX2,33.99,512.0,0.066,SSD,,2.5,SATA 6.0 Gb/s,512.0 GB
Addlink S70,42.44,512.0,0.083,SSD,,M.2-2280,M.2 PCIe 3.0 X4,512.0 GB
Seagate BarraCuda 120,233.35,1000.0,0.233,SSD,,2.5,SATA 6.0 Gb/s,1.0 TB
Mushkin Vortex Redline,286.98,4000.0,0.072,SSD,,M.2-2280,M.2 PCIe 4.0 X4,4.0 TB
TEAMGROUP AX2,21.59,256.0,0.084,SSD,,2.5,SATA 6.0 Gb/s,256.0 GB
Nextorage NEM-PA,144.99,2000.0,0.072,SSD,,M.2-2280,M.2 PCIe 4.0 X4,2.0 TB
Gigabyte AORUS Gen4 7000s,257.9,2000.0,0.129,SSD,2048.0,M.2-2280,M.2 PCIe 4.0 X4,2.0 TB
ADATA XPG GAMMIX S11 Pro,175.24,512.0,0.342,SSD,,M.2-2280,M.2 PCIe 3.0 X4,512.0 GB
Kingston SSDNow V300,59.77,240.0,0.249,SSD,,2.5,SATA 6.0 Gb/s,240.0 GB
Western Digital WD_BLACK SN770M,214.45,2000.0,0.107,SSD,,M.2-2230,M.2 PCIe 4.0 X4,2.0 TB
Western Digital Red SA500,637.5,4000.0,0.159,SSD,,2.5,SATA 6.0 Gb/s,4.0 TB
Samsung PM961,74.0,128.0,0.578,SSD,,M.2-2280,M.2 PCIe 3.0 X4,128.0 GB
Western Digital Blue SN500,88.0,500.0,0.176,SSD,,M.2-2280,M.2 PCIe 3.0 X2,500.0 GB
Gigabyte GP-GSTFS31100TNTD,88.55,1000.0,0.089,SSD,,2.5,SATA 6.0 Gb/s,1.0 TB
Western Digital Black,153.88,512.0,0.301,SSD,,M.2-2280,M.2 PCIe 3.0 X4,512.0 GB
Kingston SSDNow V200,64.98,128.0,0.508,SSD,,2.5,SATA 6.0 Gb/s,128.0 GB
TEAMGROUP T-Force Delta Max White RGB Lite,79.99,1000.0,0.08,SSD,,2.5,SATA 6.0 Gb/s,1.0 TB
Intenso Top Performance,37.27,256.0,0.146,SSD,,M.2-2280,M.2 SATA,256.0 GB
Inland TN320,29.99,256.0,0.117,SSD,,M.2-2280,M.2 PCIe 3.0 X4,256.0 GB
ADATA LEGEND 900,79.98,1000.0,0.08,SSD,,M.2-2280,M.2 PCIe 4.0 X4,1.0 TB
Apacer AS2280P4,132.16,1000.0,0.132,SSD,,M.2-2280,M.2 PCIe 3.0 X4,1.0 TB
Intenso High Performance,26.87,240.0,0.112,SSD,,2.5,SATA 6.0 Gb/s,240.0 GB
Samsung 860 Pro,599.99,2000.0,0.3,SSD,2048.0,2.5,SATA 6.0 Gb/s,2.0 TB
Kingston Q500,37.99,480.0,0.079,SSD,,2.5,SATA 6.0 Gb/s,480.0 GB
Western Digital Green,47.0,120.0,0.392,SSD,,M.2-2280,M.2 SATA,120.0 GB
Corsair MP600 CORE,1080.0,4000.0,0.27,SSD,,M.2-2280,M.2 PCIe 4.0 X4,4.0 TB
Intenso 3812450,42.89,512.0,0.084,SSD,,2.5,SATA 6.0 Gb/s,512.0 GB
Samsung 960 Pro,359.99,1000.0,0.36,SSD,1024.0,M.2-2280,M.2 PCIe 3.0 X4,1.0 TB
Western Digital Blue SN550,69.99,500.0,0.14,SSD,,M.2-2280,M.2 PCIe 3.0 X4,500.0 GB
Patriot Viper VPR400 RGB,49.99,512.0,0.098,SSD,,M.2-2280,M.2 PCIe 4.0 X4,512.0 GB
KIOXIA EXCERIA,49.95,480.0,0.104,SSD,,2.5,SATA 6.0 Gb/s,480.0 GB
Western Digital Blue SA510,44.99,250.0,0.18,SSD,,2.5,SATA 6.0 Gb/s,250.0 GB
Intel 660p,70.0,512.0,0.137,SSD,,M.2-2280,M.2 PCIe 3.0 X4,512.0 GB
Verbatim Vi5000,58.44,512.0,0.114,SSD,,M.2-2280,M.2 PCIe 4.0 X4,512.0 GB
TEAMGROUP CX2,21.59,256.0,0.084,SSD,,2.5,SATA 6.0 Gb/s,256.0 GB
Western Digital Red SN700,149.95,1000.0,0.15,SSD,,M.2-2280,M.2 PCIe 3.0 X4,1.0 TB
ADATA Legend 960,270.99,4000.0,0.068,SSD,,M.2-2280,M.2 PCIe 4.0 X4,4.0 TB
Corsair MP600 ELITE PS5,159.99,2000.0,0.08,SSD,,M.2-2280,M.2 PCIe 4.0 X4,2.0 TB
PNY CS3140,89.99,1000.0,0.09,SSD,,M.2-2280,M.2 PCIe 4.0 X4,1.0 TB
ADATA XPG SX8200 Pro,59.89,256.0,0.234,SSD,,M.2-2280,M.2 PCIe 3.0 X4,256.0 GB
ADATA Premium For PS5,134.99,2000.0,0.067,SSD,,M.2-2280,M.2 PCIe 4.0 X4,2.0 TB
Seagate FireCuda 530 w/Heatsink,75.99,500.0,0.152,SSD,,M.2-2280,M.2 PCIe 4.0 X4,500.0 GB
HP EX920,111.99,1000.0,0.112,SSD,1024.0,M.2-2280,M.2 PCIe 3.0 X4,1.0 TB
Corsair MP400,1038.49,4000.0,0.26,SSD,,M.2-2280,M.2 PCIe 3.0 X4,4.0 TB
TEAMGROUP A440 Lite,133.99,2000.0,0.067,SSD,,M.2-2280,M.2 PCIe 4.0 X4,2.0 TB
TEAMGROUP EX2,57.99,1000.0,0.058,SSD,,2.5,SATA 6.0 Gb/s,1.0 TB
Corsair MP600 PRO,98.99,1000.0,0.099,SSD,,M.2-2280,M.2 PCIe 4.0 X4,1.0 TB
Western Digital Black SN850,104.99,500.0,0.21,SSD,,M.2-2280,M.2 PCIe 4.0 X4,500.0 GB
Western Digital Blue SA510,89.99,1000.0,0.09,SSD,,M.2-2280,M.2 SATA,1.0 TB
ADATA LEGEND 850 LITE,46.99,500.0,0.094,SSD,,M.2-2280,M.2 PCIe 4.0 X4,500.0 GB
ADATA Ultimate SU750,80.0,1000.0,0.08,SSD,,2.5,SATA 6.0 Gb/s,1.0 TB
Klevv CRAS C910,45.99,500.0,0.092,SSD,,M.2-2280,M.2 PCIe 4.0 X4,500.0 GB
Western Digital PC SN730,49.5,256.0,0.193,SSD,,M.2-2280,M.2 PCIe 3.0 X4,256.0 GB
Samsung 850 Evo,275.0,2000.0,0.138,SSD,,2.5,SATA 6.0 Gb/s,2.0 TB
Nextorage G-Series,855.99,2000.0,0.428,SSD,,M.2-2280,M.2 PCIe 4.0 X4,2.0 TB
Silicon Power Silm S55,17.59,120.0,0.147,SSD,,2.5,SATA 6.0 Gb/s,120.0 GB
Transcend 110S,34.99,256.0,0.137,SSD,,M.2-2280,M.2 PCIe 3.0 X4,256.0 GB
Western Digital WD_BLACK SN770M,109.99,1000.0,0.11,SSD,,M.2-2230,M.2 PCIe 4.0 X4,1.0 TB
Transcend MTE240S,129.99,1000.0,0.13,SSD,,M.2-2280,M.2 PCIe 4.0 X4,1.0 TB
Lexar NS100,19.99,128.0,0.156,SSD,,2.5,SATA 6.0 Gb/s,128.0 GB
Addlink S93,124.44,2000.0,0.062,SSD,,M.2-2280,M.2 PCIe 4.0 X4,2.0 TB
FanXiang S500 Pro,109.99,2000.0,0.055,SSD,,M.2-2280,M.2 PCIe 3.0 X4,2.0 TB
Seagate Lightsaber Collection FireCuda,153.18,1000.0,0.153,SSD,,M.2-2280,M.2 PCIe 4.0 X4,1.0 TB
KingSpec NXM,17.99,128.0,0.141,SSD,,M.2-2242,M.2 PCIe 3.0 X4,128.0 GB
HP EX900 Plus,114.99,2000.0,0.057,SSD,,M.2-2280,M.2 PCIe 3.0 X4,2.0 TB
Corsair MP600 CORE,468.0,2000.0,0.234,SSD,,M.2-2280,M.2 PCIe 4.0 X4,2.0 TB
ADATA Ultimate SU650,38.99,480.0,0.081,SSD,,2.5,SATA 6.0 Gb/s,480.0 GB
ADATA Ultimate SU650,73.73,960.0,0.077,SSD,,2.5,SATA 6.0 Gb/s,960.0 GB
PNY XLR8 CS3030,169.99,1000.0,0.17,SSD,,M.2-2280,M.2 PCIe 3.0 X4,1.0 TB
Samsung 850 Pro,320.0,2000.0,0.16,SSD,,2.5,SATA 6.0 Gb/s,2.0 TB
Mushkin Vortex-LX,68.98,1000.0,0.069,SSD,,M.2-2280,M.2 PCIe 4.0 X4,1.0 TB
PNY CS3140,147.99,2000.0,0.074,SSD,,M.2-2280,M.2 PCIe 4.0 X4,2.0 TB
Western Digital WDS100T1XHE w/Heatsink,99.99,1000.0,0.1,SSD,,M.2-2280,M.2 PCIe 4.0 X4,1.0 TB
Lexar NQ100,24.99,240.0,0.104,SSD,,2.5,SATA 6.0 Gb/s,240.0 GB
Inland TN450,117.99,2000.0,0.059,SSD,,M.2-2280,M.2 PCIe 4.0 X4,2.0 TB
ADATA Legend 850,128.99,2000.0,0.064,SSD,,M.2-2280,M.2 PCIe 4.0 X4,2.0 TB
Seagate FireCuda 530,87.75,500.0,0.176,SSD,,M.2-2280,M.2 PCIe 4.0 X4,500.0 GB
Western Digital Black SN750,272.91,2000.0,0.136,SSD,,M.2-2280,M.2 PCIe 3.0 X4,2.0 TB
Samsung 860 Pro,270.0,512.0,0.527,SSD,512.0,2.5,SATA 6.0 Gb/s,512.0 GB
Lexar NM610,124.99,1000.0,0.125,SSD,,M.2-2280,M.2 PCIe 3.0 X4,1.0 TB
Corsair MP600 PRO,373.99,4000.0,0.093,SSD,,M.2-2280,M.2 PCIe 4.0 X4,4.0 TB
Micron 3400,149.99,1000.0,0.15,SSD,,M.2-2280,M.2 PCIe 4.0 X4,1.0 TB
Samsung 750 Evo,149.99,500.0,0.3,SSD,512.0,2.5,SATA 6.0 Gb/s,500.0 GB
HP EX900,35.99,250.0,0.144,SSD,,M.2-2280,M.2 PCIe 3.0 X4,250.0 GB
Western Digital WD Blue,59.99,500.0,0.12,SSD,,2.5,SATA 6.0 Gb/s,500.0 GB
MSI SPATIUM S270,35.5,240.0,0.148,SSD,,2.5,SATA 6.0 Gb/s,240.0 GB
Acer FA100,31.99,256.0,0.125,SSD,,M.2-2280,M.2 PCIe 3.0 X4,256.0 GB
Netac NV7000,160.99,2000.0,0.08,SSD,,M.2-2280,M.2 PCIe 4.0 X4,2.0 TB
Western Digital Green,152.5,2000.0,0.076,SSD,,2.5,SATA 6.0 Gb/s,2.0 TB
Lexar NS100,74.98,1000.0,0.075,SSD,,2.5,SATA 6.0 Gb/s,1.0 TB
Western Digital Blue,54.88,250.0,0.22,SSD,,M.2-2280,M.2 SATA,250.0 GB
Western Digital Blue SN550,168.0,2000.0,0.084,SSD,,M.2-2280,M.2 PCIe 3.0 X4,2.0 TB
Acer FA100,46.99,512.0,0.092,SSD,,M.2-2280,M.2 PCIe 3.0 X4,512.0 GB
Gigabyte GP-GSM2NE3512GNTD,88.99,512.0,0.174,SSD,,M.2-2280,M.2 PCIe 3.0 X4,512.0 GB
Samsung 860 Pro,291.0,1000.0,0.291,SSD,1024.0,2.5,SATA 6.0 Gb/s,1.0 TB
Crucial P5,239.47,2000.0,0.12,SSD,,M.2-2280,M.2 PCIe 3.0 X4,2.0 TB
TEAMGROUP T-FORCE G70 PRO Graphene,84.99,1000.0,0.085,SSD,,M.2-2280,M.2 PCIe 4.0 X4,1.0 TB
Lexar Professional NM800PRO,59.99,512.0,0.117,SSD,,M.2-2280,M.2 PCIe 4.0 X4,512.0 GB
Western Digital Blue SA510,56.99,500.0,0.114,SSD,,M.2-2280,M.2 SATA,500.0 GB
Seagate FireCuda 510,149.99,1000.0,0.15,SSD,,M.2-2280,M.2 PCIe 3.0 X4,1.0 TB
Mushkin Tempest,40.99,512.0,0.08,SSD,,M.2-2280,M.2 PCIe 3.0 X4,512.0 GB
SanDisk EXTREME PRO,179.99,1000.0,0.18,SSD,,M.2-2280,M.2 PCIe 3.0 X4,1.0 TB
ADATA LEGEND 840,99.99,1000.0,0.1,SSD,,M.2-2280,M.2 PCIe 4.0 X4,1.0 TB
Kingston Fury Renegade with Heat Sink,76.03,500.0,0.152,SSD,,M.2-2280,M.2 PCIe 4.0 X4,500.0 GB
Seagate BarraCuda 510,174.67,1000.0,0.175,SSD,,M.2-2280,M.2 PCIe 3.0 X4,1.0 TB
TEAMGROUP T-FORCE G50,124.99,2000.0,0.062,SSD,,M.2-2280,M.2 PCIe 4.0 X4,2.0 TB
ADATA XPG SX6000 Pro,76.27,1000.0,0.076,SSD,,M.2-2280,M.2 PCIe 3.0 X4,1.0 TB
ADATA XPG GAMMIX S11 Pro,48.92,256.0,0.191,SSD,,M.2-2280,M.2 PCIe 3.0 X4,256.0 GB
SanDisk EXTREME PRO,124.0,500.0,0.248,SSD,,M.2-2280,M.2 PCIe 3.0 X4,500.0 GB
ADATA Premium For PS5,69.98,1000.0,0.07,SSD,,M.2-2280,M.2 PCIe 4.0 X4,1.0 TB
HP EX900 Plus,31.99,256.0,0.125,SSD,,M.2-2280,M.2 PCIe 3.0 X4,256.0 GB
ADATA XPG GAMMIX S50 Lite,178.67,1000.0,0.179,SSD,,M.2-2280,M.2 PCIe 4.0 X4,1.0 TB
Verbatim Vi7000G,242.0,4000.0,0.06,SSD,,M.2-2280,M.2 PCIe 4.0 X4,4.0 TB
Lexar NQ100,34.99,480.0,0.073,SSD,,2.5,SATA 6.0 Gb/s,480.0 GB
ADATA XPG GAMMIX S5,96.25,512.0,0.188,SSD,,M.2-2280,M.2 PCIe 3.0 X4,512.0 GB
Western Digital Black PCIe,128.88,256.0,0.503,SSD,,M.2-2280,M.2 PCIe 3.0 X4,256.0 GB
Apacer AS2280P4,52.9,512.0,0.103,SSD,,M.2-2280,M.2 PCIe 3.0 X4,512.0 GB
Western Digital PC SN730,149.99,1000.0,0.15,SSD,,M.2-2280,M.2 PCIe 3.0 X4,1.0 TB
Western Digital Green,105.03,480.0,0.219,SSD,,M.2-2280,M.2 SATA,480.0 GB
HP EX900 Plus,46.99,512.0,0.092,SSD,,M.2-2280,M.2 PCIe 3.0 X4,512.0 GB
Inland QN322,168.95,2000.0,0.084,SSD,,M.2-2280,M.2 PCIe 3.0 X4,2.0 TB
Samsung MZ-75E4T0B,429.99,4000.0,0.107,SSD,4096.0,2.5,SATA 6.0 Gb/s,4.0 TB
Mushkin Tempest,26.99,256.0,0.105,SSD,,M.2-2280,M.2 PCIe 3.0 X4,256.0 GB
Gigabyte GP-GSTFS31120GNTD,30.0,120.0,0.25,SSD,,2.5,SATA 6.0 Gb/s,120.0 GB
KingSpec NXM,63.99,1000.0,0.064,SSD,,M.2-2242,M.2 PCIe 3.0 X4,1.0 TB
TEAMGROUP MP44,58.86,512.0,0.115,SSD,,M.2-2280,M.2 PCIe 4.0 X4,512.0 GB
TEAMGROUP CX1,20.99,240.0,0.087,SSD,,2.5,SATA 6.0 Gb/s,240.0 GB
ADATA XPG SX6000,39.99,256.0,0.156,SSD,,M.2-2280,M.2 PCIe 3.0 X2,256.0 GB
Lexar NS100,38.99,512.0,0.076,SSD,,2.5,SATA 6.0 Gb/s,512.0 GB
Western Digital Red SA500,205.99,2000.0,0.103,SSD,,2.5,SATA 6.0 Gb/s,2.0 TB
HP FX900 Pro,54.99,512.0,0.107,SSD,,M.2-2280,M.2 PCIe 4.0 X4,512.0 GB
Corsair MP400,213.7,1000.0,0.214,SSD,,M.2-2280,M.2 PCIe 3.0 X4,1.0 TB
Intel 600p,119.0,512.0,0.232,SSD,,M.2-2280,M.2 PCIe 3.0 X4,512.0 GB
Transcend 830S,219.99,2000.0,0.11,SSD,,M.2-2280,M.2 SATA,2.0 TB
Seagate Lightsaber Collection FireCuda,299.99,2000.0,0.15,SSD,,M.2-2280,M.2 PCIe 4.0 X4,2.0 TB
Addlink A95,144.44,2000.0,0.072,SSD,,M.2-2280,M.2 PCIe 4.0 X4,2.0 TB
Nextorage NEM-PA,299.99,4000.0,0.075,SSD,,M.2-2280,M.2 PCIe 4.0 X4,4.0 TB
Western Digital Red SA500,69.98,500.0,0.14,SSD,,2.5,SATA 6.0 Gb/s,500.0 GB
Gigabyte AORUS Gen4 5000E,80.57,500.0,0.161,SSD,,M.2-2280,M.2 PCIe 4.0 X4,500.0 GB
Intel 545s,119.0,256.0,0.465,SSD,,2.5,SATA 6.0 Gb/s,256.0 GB
Intel 660p,400.17,2000.0,0.2,SSD,,M.2-2280,M.2 PCIe 3.0 X4,2.0 TB
SanDisk Ultra II,44.09,240.0,0.184,SSD,,2.5,SATA 6.0 Gb/s,240.0 GB
TEAMGROUP T-FORCE G70 PRO Aluminum,89.99,1000.0,0.09,SSD,,M.2-2280,M.2 PCIe 4.0 X4,1.0 TB
Patriot Burst,34.34,240.0,0.143,SSD,,2.5,SATA 6.0 Gb/s,240.0 GB
Patriot P400,69.98,1000.0,0.07,SSD,,M.2-2280,M.2 PCIe 4.0 X4,1.0 TB
PNY XLR8 CS3140 w/Heatsink,99.99,1000.0,0.1,SSD,,M.2-2280,M.2 PCIe 4.0 X4,1.0 TB
HP EX900,32.99,120.0,0.275,SSD,,M.2-2280,M.2 PCIe 3.0 X4,120.0 GB
TEAMGROUP T-Create Classic,81.84,1000.0,0.082,SSD,,M.2-2280,M.2 PCIe 3.0 X4,1.0 TB
SanDisk Ultra II,199.99,480.0,0.417,SSD,,2.5,SATA 6.0 Gb/s,480.0 GB
Lenovo S4520,239.19,480.0,0.498,SSD,,3.5,SATA 6.0 Gb/s,480.0 GB
KIOXIA EXCERIA,69.95,960.0,0.073,SSD,,2.5,SATA 6.0 Gb/s,960.0 GB
Verbatim Vi560,62.37,1000.0,0.062,SSD,,M.2-2280,M.2 SATA,1.0 TB
Intenso High Performance,82.69,960.0,0.086,SSD,,2.5,SATA 6.0 Gb/s,960.0 GB
PNY XLR8 CS3030,69.35,250.0,0.277,SSD,,M.2-2280,M.2 PCIe 3.0 X4,250.0 GB
Intel 760p,113.9,256.0,0.445,SSD,,M.2-2280,M.2 PCIe 3.0 X4,256.0 GB
Seagate BarraCuda Q1,129.94,480.0,0.271,SSD,,2.5,SATA 6.0 Gb/s,480.0 GB
Leven JS600,19.98,256.0,0.078,SSD,,2.5,SATA 6.0 Gb/s,256.0 GB
Klevv CRAS C930,79.98,1000.0,0.08,SSD,,M.2-2280,M.2 PCIe 4.0 X4,1.0 TB
Sabrent Rocket 4.0 HTSK,99.99,1000.0,0.1,SSD,,M.2-2280,M.2 PCIe 4.0 X4,1.0 TB
ADATA SU635,39.99,480.0,0.083,SSD,,2.5,SATA 6.0 Gb/s,480.0 GB
Timetec 30TTQNS3SATA-1TB,65.55,1000.0,0.066,SSD,,2.5,SATA 6.0 Gb/s,1.0 TB
Samsung 850 Evo,206.11,500.0,0.412,SSD,,M.2-2280,M.2 SATA,500.0 GB
Toshiba OCZ TR200,36.99,240.0,0.154,SSD,,2.5,SATA 6.0 Gb/s,240.0 GB
ADATA XPG SX8100,112.99,2000.0,0.056,SSD,,M.2-2280,M.2 PCIe 3.0 X4,2.0 TB
TEAMGROUP T-FORCE G70 PRO Aluminum,289.99,4000.0,0.072,SSD,,M.2-2280,M.2 PCIe 4.0 X4,4.0 TB
Western Digital Green,99.99,1000.0,0.1,SSD,,2.5,SATA 6.0 Gb/s,1.0 TB
Western Digital Black SN750,336.77,1000.0,0.337,SSD,,M.2-2280,M.2 PCIe 3.0 X4,1.0 TB
Samsung 860 Pro,199.99,256.0,0.781,SSD,512.0,2.5,SATA 6.0 Gb/s,256.0 GB
Lexar NM610,59.99,500.0,0.12,SSD,,M.2-2280,M.2 PCIe 3.0 X4,500.0 GB
HP EX920,72.98,512.0,0.143,SSD,512.0,M.2-2280,M.2 PCIe 3.0 X4,512.0 GB
KingSpec XG7000,89.99,1000.0,0.09,SSD,,M.2-2242,M.2 PCIe 4.0 X4,1.0 TB
Patriot Viper VP4300,109.99,1000.0,0.11,SSD,,M.2-2280,M.2 PCIe 4.0 X4,1.0 TB
Corsair MP400,137.31,1000.0,0.137,SSD,,M.2-2280,M.2 PCIe 3.0 X4,1.0 TB
Mushkin Vortex-LX,43.99,512.0,0.086,SSD,,M.2-2280,M.2 PCIe 4.0 X4,512.0 GB
VisionTek DLX4,77.0,1000.0,0.077,SSD,,M.2-2280,M.2 PCIe 4.0 X4,1.0 TB
FanXiang S770,89.99,1000.0,0.09,SSD,,M.2-2280,M.2 PCIe 4.0 X4,1.0 TB
Silicon Power A55,25.97,256.0,0.101,SSD,,M.2-2280,M.2 SATA,256.0 GB
HP EX950,103.18,1000.0,0.103,SSD,,M.2-2280,M.2 PCIe 3.0 X4,1.0 TB
Corsair MP600 CORE,211.5,1000.0,0.211,SSD,,M.2-2280,M.2 PCIe 4.0 X4,1.0 TB
TEAMGROUP Z440 Lite,49.99,500.0,0.1,SSD,,M.2-2280,M.2 PCIe 4.0 X4,500.0 GB
ADATA LEGEND 900,139.99,2000.0,0.07,SSD,,M.2-2280,M.2 PCIe 4.0 X4,2.0 TB
Verbatim Vi3000,41.98,512.0,0.082,SSD,,M.2-2280,M.2 PCIe 3.0 X4,512.0 GB
Western Digital Blue SA510,39.99,250.0,0.16,SSD,,M.2-2280,M.2 SATA,250.0 GB
KingSpec NXM,23.99,256.0,0.094,SSD,,M.2-2242,M.2 PCIe 3.0 X4,256.0 GB
Mushkin Pilot-E,145.41,2000.0,0.073,SSD,,M.2-2280,M.2 PCIe 3.0 X4,2.0 TB
HP EX920,59.99,256.0,0.234,SSD,256.0,M.2-2280,M.2 PCIe 3.0 X4,256.0 GB
GameStop 23VG-GSPL-GameStop NVMe SSD-Heatsink-2TB,169.99,2000.0,0.085,SSD,,M.2-2280,M.2 PCIe 4.0 X4,2.0 TB
Sabrent Rocket,69.98,512.0,0.137,SSD,,M.2-2242,M.2 PCIe 3.0 X4,512.0 GB
Verbatim Vi7000G,105.49,1000.0,0.105,SSD,,M.2-2280,M.2 PCIe 4.0 X4,1.0 TB
Seagate FireCuda 120,703.29,2000.0,0.352,SSD,,2.5,SATA 6.0 Gb/s,2.0 TB
Western Digital Green,73.0,240.0,0.304,SSD,,2.5,SATA 6.0 Gb/s,240.0 GB
Western Digital Blue,169.0,1000.0,0.169,SSD,,2.5,SATA 6.0 Gb/s,1.0 TB
Inland Platinum,119.99,2000.0,0.06,SSD,,2.5,SATA 6.0 Gb/s,2.0 TB
Western Digital BLACK SN850 Call of Duty Edition,216.76,1000.0,0.217,SSD,,M.2-2280,M.2 PCIe 4.0 X4,1.0 TB
ADATA XPG SPECTRIX S20G,117.25,1000.0,0.117,SSD,,M.2-2280,M.2 PCIe 3.0 X4,1.0 TB
ADATA SU760,37.99,512.0,0.074,SSD,,2.5,SATA 6.0 Gb/s,512.0 GB
SanDisk SSD PLUS,66.97,120.0,0.558,SSD,,2.5,SATA 6.0 Gb/s,120.0 GB
SanDisk Ultra 3D,48.98,250.0,0.196,SSD,,2.5,SATA 6.0 Gb/s,250.0 GB
Samsung MZVPV512HDGL-00000,204.49,512.0,0.399,SSD,,M.2-2280,M.2 PCIe 3.0 X4,512.0 GB
Inland Platinum,199.99,2000.0,0.1,SSD,,M.2-2280,M.2 PCIe 3.0 X4,2.0 TB
Lexar NM610,36.99,250.0,0.148,SSD,,M.2-2280,M.2 PCIe 3.0 X4,250.0 GB
ADATA LEGEND 960 MAX,299.99,4000.0,0.075,SSD,,M.2-2280,M.2 PCIe 4.0 X4,4.0 TB
ADATA XPG SX6000,78.75,128.0,0.615,SSD,,M.2-2280,M.2 PCIe 3.0 X2,128.0 GB
Verbatim Vi550,24.99,256.0,0.098,SSD,,2.5,SATA 6.0 Gb/s,256.0 GB
Western Digital Blue,86.89,500.0,0.174,SSD,,2.5,SATA 6.0 Gb/s,500.0 GB
PNY XLR8 CS3140 w/Heatsink,628.05,2000.0,0.314,SSD,,M.2-2280,M.2 PCIe 4.0 X4,2.0 TB
Acer Predator GM7,446.99,4000.0,0.112,SSD,,M.2-2280,M.2 PCIe 4.0 X4,4.0 TB
Corsair CSSD-F4000GBMP600PXT,400.99,4000.0,0.1,SSD,,M.2-2280,M.2 PCIe 4.0 X4,4.0 TB
Transcend MTE240S,60.11,500.0,0.12,SSD,,M.2-2280,M.2 PCIe 4.0 X4,500.0 GB
Samsung PM893,76.95,240.0,0.321,SSD,,2.5,SATA 6.0 Gb/s,240.0 GB
TEAMGROUP T-Create Classic DL,131.99,2000.0,0.066,SSD,,M.2-2280,M.2 PCIe 4.0 X4,2.0 TB
Inland TN320,119.99,2000.0,0.06,SSD,,M.2-2280,M.2 PCIe 3.0 X4,2.0 TB
Patriot Viper VP4300,169.99,2000.0,0.085,SSD,,M.2-2280,M.2 PCIe 4.0 X4,2.0 TB
Kingston Q500,32.27,240.0,0.134,SSD,,2.5,SATA 6.0 Gb/s,240.0 GB
Intel 760p,109.0,1000.0,0.109,SSD,,M.2-2280,M.2 PCIe 3.0 X4,1.0 TB
Addlink A93 PS5,84.44,1000.0,0.084,SSD,,M.2-2280,M.2 PCIe 4.0 X4,1.0 TB
Sabrent Rocket Q4,130.84,1000.0,0.131,SSD,,M.2-2280,M.2 PCIe 4.0 X4,1.0 TB
ADATA Legend 850,59.34,512.0,0.116,SSD,,M.2-2280,M.2 PCIe 4.0 X4,512.0 GB
ADATA XPG GAMMIX S11 Pro,239.67,2000.0,0.12,SSD,,M.2-2280,M.2 PCIe 3.0 X4,2.0 TB
ADATA Falcon,151.66,1000.0,0.152,SSD,,M.2-2280,M.2 PCIe 3.0 X4,1.0 TB
Acer SA100,27.99,240.0,0.117,SSD,,2.5,SATA 6.0 Gb/s,240.0 GB
Mushkin ELEMENT,24.9,256.0,0.097,SSD,,2.5,SATA 6.0 Gb/s,256.0 GB
PNY CS900,320.45,4000.0,0.08,SSD,,2.5,SATA 6.0 Gb/s,4.0 TB
Western Digital Red SN700,73.14,250.0,0.293,SSD,,M.2-2280,M.2 PCIe 3.0 X4,250.0 GB
TEAMGROUP GX1,42.99,240.0,0.179,SSD,,2.5,SATA 6.0 Gb/s,240.0 GB
Inland Prime,139.99,2000.0,0.07,SSD,,M.2-2280,M.2 PCIe 3.0 X4,2.0 TB
Netac NV7000-t,164.99,2000.0,0.082,SSD,,M.2-2280,M.2 PCIe 4.0 X4,2.0 TB
ADATA Ultimate SU650,31.17,240.0,0.13,SSD,,M.2-2280,M.2 SATA,240.0 GB
Western Digital Red SA500,89.99,1000.0,0.09,SSD,,M.2-2280,M.2 SATA,1.0 TB
TEAMGROUP T-FORCE G70 PRO Aluminum,149.99,2000.0,0.075,SSD,,M.2-2280,M.2 PCIe 4.0 X4,2.0 TB
Kingston KC600,33.79,256.0,0.132,SSD,,2.5,SATA 6.0 Gb/s,256.0 GB
Netac NV7000-t,102.99,1000.0,0.103,SSD,,M.2-2280,M.2 PCIe 4.0 X4,1.0 TB
Verbatim Vi3000,46.11,256.0,0.18,SSD,,M.2-2280,M.2 PCIe 3.0 X4,256.0 GB
TEAMGROUP GX2,102.99,2000.0,0.051,SSD,,2.5,SATA 6.0 Gb/s,2.0 TB
Transcend SSD230S,419.99,4000.0,0.105,SSD,,2.5,SATA 6.0 Gb/s,4.0 TB
Western Digital Red SA500,169.99,2000.0,0.085,SSD,,M.2-2280,M.2 SATA,2.0 TB
Kingston A400,50.99,480.0,0.106,SSD,,M.2-2280,M.2 SATA,480.0 GB
Verbatim Vi560,36.76,512.0,0.072,SSD,,M.2-2280,M.2 SATA,512.0 GB
PNY CS2130,99.99,1000.0,0.1,SSD,,M.2-2280,M.2 PCIe 3.0 X4,1.0 TB
Mushkin Pilot-E,102.61,1000.0,0.103,SSD,,M.2-2280,M.2 PCIe 3.0 X4,1.0 TB
Intenso 3812440,26.95,256.0,0.105,SSD,,2.5,SATA 6.0 Gb/s,256.0 GB
TEAMGROUP A440 Lite,77.98,1000.0,0.078,SSD,,M.2-2280,M.2 PCIe 4.0 X4,1.0 TB
Western Digital Red SN700,199.99,2000.0,0.1,SSD,,M.2-2280,M.2 PCIe 3.0 X4,2.0 TB
Transcend 250H,218.02,2000.0,0.109,SSD,,M.2-2280,M.2 PCIe 4.0 X4,2.0 TB
ADATA XPG GAMMIX S50 Lite,300.0,2000.0,0.15,SSD,,M.2-2280,M.2 PCIe 4.0 X4,2.0 TB
Patriot P300,51.91,512.0,0.101,SSD,,M.2-2280,M.2 PCIe 3.0 X4,512.0 GB
TEAMGROUP GX2,26.98,256.0,0.105,SSD,,2.5,SATA 6.0 Gb/s,256.0 GB
Transcend 110S,99.99,1000.0,0.1,SSD,,M.2-2280,M.2 PCIe 3.0 X4,1.0 TB
Inland Platinum,449.99,4000.0,0.112,SSD,,M.2-2280,M.2 PCIe 3.0 X4,4.0 TB
SanDisk X400,164.0,128.0,1.281,SSD,,M.2-2280,M.2 SATA,128.0 GB
Gigabyte GP-GSM2NE3100TNTD,129.0,1000.0,0.129,SSD,,M.2-2280,M.2 PCIe 3.0 X4,1.0 TB
GOODRAM CL100 gen.3,77.38,960.0,0.081,SSD,,2.5,SATA 6.0 Gb/s,960.0 GB
Sabrent Rocket 4.0,39.99,256.0,0.156,SSD,,M.2-2230,M.2 PCIe 4.0 X4,256.0 GB
Nextorage G-Series LE,144.99,2000.0,0.072,SSD,,M.2-2280,M.2 PCIe 4.0 X4,2.0 TB
VisionTek DLX4,189.98,2000.0,0.095,SSD,,M.2-2242,M.2 PCIe 4.0 X4,2.0 TB
Western Digital Blue,91.13,250.0,0.365,SSD,,2.5,SATA 6.0 Gb/s,250.0 GB
Patriot P300,81.14,1000.0,0.081,SSD,,M.2-2280,M.2 PCIe 3.0 X4,1.0 TB
SanDisk Ultra II,226.49,960.0,0.236,SSD,,2.5,SATA 6.0 Gb/s,960.0 GB
SanDisk X400,249.0,512.0,0.486,SSD,,M.2-2280,M.2 SATA,512.0 GB
SK Hynix SL308,70.0,250.0,0.28,SSD,,2.5,SATA 6.0 Gb/s,250.0 GB
SanDisk X600,860.0,1000.0,0.86,SSD,,M.2-2280,M.2 SATA,1.0 TB
Transcend 110S,49.95,512.0,0.098,SSD,,M.2-2280,M.2 PCIe 3.0 X4,512.0 GB
Inland Gaming Performance Plus,92.99,1000.0,0.093,SSD,,M.2-2280,M.2 PCIe 4.0 X4,1.0 TB
Fantom Drives VENOM8,144.94,2000.0,0.072,SSD,,M.2-2280,M.2 PCIe 4.0 X4,2.0 TB
PNY CS2130,226.61,2000.0,0.113,SSD,,M.2-2280,M.2 PCIe 3.0 X4,2.0 TB
Lexar Professional NM800PRO w/Heatsink,89.99,1000.0,0.09,SSD,,M.2-2280,M.2 PCIe 4.0 X4,1.0 TB
Timetec 35TTQNM2SATA,107.99,2000.0,0.054,SSD,,M.2-2280,M.2 SATA,2.0 TB
KingSpec NXM,42.99,512.0,0.084,SSD,,M.2-2242,M.2 PCIe 3.0 X4,512.0 GB
Crucial M500,167.99,240.0,0.7,SSD,,2.5,SATA 6.0 Gb/s,240.0 GB
PNY XLR8 CS3030,299.0,2000.0,0.149,SSD,,M.2-2280,M.2 PCIe 3.0 X4,2.0 TB
Inland Gaming Performance Plus,149.99,2000.0,0.075,SSD,,M.2-2280,M.2 PCIe 4.0 X4,2.0 TB
Sabrent Rocket Q,816.01,4000.0,0.204,SSD,,M.2-2280,M.2 PCIe 3.0 X4,4.0 TB
Corsair MP600 PRO XT,179.99,2000.0,0.09,SSD,,M.2-2280,M.2 PCIe 4.0 X4,2.0 TB
KingSpec XG7000,52.99,512.0,0.103,SSD,,M.2-2242,M.2 PCIe 4.0 X4,512.0 GB
ADATA XPG SX8100,76.09,512.0,0.149,SSD,,M.2-2280,M.2 PCIe 3.0 X4,512.0 GB
Toshiba XG6,55.0,512.0,0.107,SSD,,M.2-2280,M.2 PCIe 3.0 X4,512.0 GB
Mushkin ELEMENT,182.99,2000.0,0.091,SSD,,2.5,SATA 6.0 Gb/s,2.0 TB
Sabrent Rocket 4.0,99.99,1000.0,0.1,SSD,,M.2-2230,M.2 PCIe 4.0 X4,1.0 TB
Crucial MX200,397.77,500.0,0.796,SSD,,M.2-2260,M.2 SATA,500.0 GB
Gigabyte M30,68.88,512.0,0.135,SSD,,M.2-2280,M.2 PCIe 3.0 X4,512.0 GB
Western Digital Blue SN500,88.98,250.0,0.356,SSD,,M.2-2280,M.2 PCIe 3.0 X2,250.0 GB
Intel 530,199.0,240.0,0.829,SSD,,2.5,SATA 6.0 Gb/s,240.0 GB
Toshiba OCZ TR200,110.0,480.0,0.229,SSD,,2.5,SATA 6.0 Gb/s,480.0 GB
Transcend 220S,44.83,256.0,0.175,SSD,,M.2-2280,M.2 PCIe 3.0 X4,256.0 GB
Netac NV7000,100.99,1000.0,0.101,SSD,,M.2-2280,M.2 PCIe 4.0 X4,1.0 TB
Netac NV7000-t,68.98,512.0,0.135,SSD,,M.2-2280,M.2 PCIe 4.0 X4,512.0 GB
Seagate Game Drive,107.53,1000.0,0.108,SSD,,M.2-2280,M.2 PCIe 4.0 X4,1.0 TB
HP EX950,179.99,2000.0,0.09,SSD,,M.2-2280,M.2 PCIe 3.0 X4,2.0 TB
Transcend 220S,97.16,1000.0,0.097,SSD,,M.2-2280,M.2 PCIe 3.0 X4,1.0 TB
Western Digital Black SN750 Rev2,409.0,2000.0,0.204,SSD,,M.2-2280,M.2 PCIe 3.0 X4,2.0 TB
TEAMGROUP GX1,73.98,480.0,0.154,SSD,,2.5,SATA 6.0 Gb/s,480.0 GB
Apacer AS340 PANTHER,29.44,120.0,0.245,SSD,,2.5,SATA 6.0 Gb/s,120.0 GB
Seagate FireCuda 510,388.42,2000.0,0.194,SSD,,M.2-2280,M.2 PCIe 3.0 X4,2.0 TB
HP S700,42.41,250.0,0.17,SSD,,2.5,SATA 6.0 Gb/s,250.0 GB
Corsair MP600 CORE MINI,79.98,1000.0,0.08,SSD,,M.2-2230,M.2 PCIe 4.0 X4,1.0 TB
Patriot P400 Lite,233.99,4000.0,0.058,SSD,,M.2-2280,M.2 PCIe 4.0 X4,4.0 TB
Seagate IronWolf 525,467.03,2000.0,0.234,SSD,,M.2-2280,M.2 PCIe 4.0 X4,2.0 TB
Transcend 250H,433.99,4000.0,0.108,SSD,,M.2-2280,M.2 PCIe 4.0 X4,4.0 TB
Western Digital WD_BLACK SN770M,77.98,500.0,0.156,SSD,,M.2-2230,M.2 PCIe 4.0 X4,500.0 GB
Inland Premium,280.0,4000.0,0.07,SSD,,M.2-2280,M.2 PCIe 3.0 X4,4.0 TB
FanXiang S770,289.99,4000.0,0.072,SSD,,M.2-2280,M.2 PCIe 4.0 X4,4.0 TB
TEAMGROUP T-Force Cardea Zero Z340,261.99,1000.0,0.262,SSD,,M.2-2280,M.2 PCIe 3.0 X4,1.0 TB
Transcend SSD230S,39.99,256.0,0.156,SSD,,2.5,SATA 6.0 Gb/s,256.0 GB
TEAMGROUP CX1,31.99,480.0,0.067,SSD,,2.5,SATA 6.0 Gb/s,480.0 GB
Samsung PM893,187.75,960.0,0.196,SSD,,2.5,SATA 6.0 Gb/s,960.0 GB
Lexar Professional NM800PRO w/Heatsink,169.99,2000.0,0.085,SSD,,M.2-2280,M.2 PCIe 4.0 X4,2.0 TB
Transcend 250S,356.09,4000.0,0.089,SSD,,M.2-2280,M.2 PCIe 4.0 X4,4.0 TB
Addlink S20,64.98,1000.0,0.065,SSD,,2.5,SATA 6.0 Gb/s,1.0 TB
Crucial M500,495.0,960.0,0.516,SSD,,2.5,SATA 6.0 Gb/s,960.0 GB
Kingston SSDNow KC400,74.98,128.0,0.586,SSD,,2.5,SATA 6.0 Gb/s,128.0 GB
Timetec 35TTQNM2SATA,62.55,1000.0,0.063,SSD,,M.2-2280,M.2 SATA,1.0 TB
PNY XLR8 CS3040,329.99,2000.0,0.165,SSD,,M.2-2280,M.2 PCIe 4.0 X4,2.0 TB
Lexar NQ100,69.0,960.0,0.072,SSD,,2.5,SATA 6.0 Gb/s,960.0 GB
Addlink A93 PS5,248.44,4000.0,0.062,SSD,,M.2-2280,M.2 PCIe 4.0 X4,4.0 TB
Silicon Power Slim S55,26.21,240.0,0.109,SSD,,2.5,SATA 6.0 Gb/s,240.0 GB
Patriot Viper VPN110,177.93,2000.0,0.089,SSD,,M.2-2280,M.2 PCIe 3.0 X4,2.0 TB
Addlink S90 Lite,77.44,1000.0,0.077,SSD,,M.2-2280,M.2 PCIe 4.0 X4,1.0 TB
ADATA XPG SX8100,499.99,4000.0,0.125,SSD,,M.2-2280,M.2 PCIe 3.0 X4,4.0 TB
Lenovo S4520,400.92,960.0,0.418,SSD,,3.5,SATA 6.0 Gb/s,960.0 GB
Lexar NS100,129.99,2000.0,0.065,SSD,,2.5,SATA 6.0 Gb/s,2.0 TB
Sabrent Rocket Q4,249.99,2000.0,0.125,SSD,,M.2-2280,M.2 PCIe 4.0 X4,2.0 TB
Fantom Drives VENOM8,299.95,4000.0,0.075,SSD,,M.2-2280,M.2 PCIe 4.0 X4,4.0 TB
Transcend MTE245S,109.99,1000.0,0.11,SSD,,M.2-2280,M.2 PCIe 4.0 X4,1.0 TB
Patriot Viper VP4300 Lite,46.99,500.0,0.094,SSD,,M.2-2280,M.2 PCIe 4.0 X4,500.0 GB
Gigabyte Gen3 2500E,292.98,2000.0,0.146,SSD,,M.2-2280,M.2 PCIe 3.0 X4,2.0 TB
Intel 530,86.17,120.0,0.718,SSD,,2.5,SATA 6.0 Gb/s,120.0 GB
Kingston DC1000B,77.45,240.0,0.323,SSD,,M.2-2280,M.2 PCIe 3.0 X4,240.0 GB
Transcend SSD230S,171.08,2000.0,0.086,SSD,,2.5,SATA 6.0 Gb/s,2.0 TB
Silicon Power Slim S55,26.53,240.0,0.111,SSD,,2.5,SATA 6.0 Gb/s,240.0 GB
Lexar Professional NM800PRO w/Heatsink,64.98,512.0,0.127,SSD,,M.2-2280,M.2 PCIe 4.0 X4,512.0 GB
Transcend TS120GSSD220S,22.58,120.0,0.188,SSD,,2.5,SATA 6.0 Gb/s,120.0 GB
PNY XLR8 CS3040,75.0,500.0,0.15,SSD,,M.2-2280,M.2 PCIe 4.0 X4,500.0 GB
Timetec 35TTQNM2SATA,38.66,512.0,0.076,SSD,,M.2-2280,M.2 SATA,512.0 GB
PNY CS2142,75.98,1000.0,0.076,SSD,,M.2-2230,M.2 PCIe 4.0 X4,1.0 TB
Corsair MP600 MINI,89.99,1000.0,0.09,SSD,,M.2-2230,M.2 PCIe 4.0 X4,1.0 TB
Addlink A95,86.44,1000.0,0.086,SSD,,M.2-2280,M.2 PCIe 4.0 X4,1.0 TB
TEAMGROUP T-Force Delta Max RGB Lite,48.99,512.0,0.096,SSD,,2.5,SATA 6.0 Gb/s,512.0 GB
Intel 545s,45.58,256.0,0.178,SSD,,M.2-2280,M.2 SATA,256.0 GB
TEAMGROUP GX1,28.0,120.0,0.233,SSD,,2.5,SATA 6.0 Gb/s,120.0 GB
Western Digital Black SN750 Rev2,74.98,500.0,0.15,SSD,,M.2-2280,M.2 PCIe 3.0 X4,500.0 GB
NEMIX RAM NEMESIS,89.99,1000.0,0.09,SSD,,M.2-2280,M.2 PCIe 4.0 X4,1.0 TB
Intel D3-S4510,79.0,480.0,0.165,SSD,,2.5,SATA 6.0 Gb/s,480.0 GB
Intel 600p,189.0,1000.0,0.189,SSD,,M.2-2280,M.2 PCIe 3.0 X4,1.0 TB
Micron 1100,279.0,2000.0,0.139,SSD,,2.5,SATA 6.0 Gb/s,2.0 TB
Intel 520,280.4,120.0,2.337,SSD,,2.5,SATA 6.0 Gb/s,120.0 GB
Intenso High Performance,40.47,480.0,0.084,SSD,,2.5,SATA 6.0 Gb/s,480.0 GB
Inland TN325,94.99,1000.0,0.095,SSD,,M.2-2242,M.2 PCIe 3.0 X4,1.0 TB
Addlink A93 PS5,124.44,2000.0,0.062,SSD,,M.2-2280,M.2 PCIe 4.0 X4,2.0 TB
Addlink S93,248.44,4000.0,0.062,SSD,,M.2-2280,M.2 PCIe 4.0 X4,4.0 TB
Addlink S20,37.44,512.0,0.073,SSD,,2.5,SATA 6.0 Gb/s,512.0 GB
Seagate IronWolf 525,207.22,1000.0,0.207,SSD,,M.2-2280,M.2 PCIe 4.0 X4,1.0 TB
Silicon Power Silm S55,36.69,480.0,0.076,SSD,,2.5,SATA 6.0 Gb/s,480.0 GB
Toshiba XG3,149.99,512.0,0.293,SSD,,M.2-2280,M.2 PCIe 3.0 X4,512.0 GB
Samsung PM883,94.95,480.0,0.198,SSD,,2.5,SATA 6.0 Gb/s,480.0 GB
Western Digital Blue SN550,249.99,2000.0,0.125,SSD,,M.2-2280,M.2 PCIe 3.0 X4,2.0 TB
Seagate FireCuda 510,199.99,500.0,0.4,SSD,,M.2-2280,M.2 PCIe 3.0 X4,500.0 GB
TEAMGROUP MP44S,77.98,1000.0,0.078,SSD,,M.2-2230,M.2 PCIe 4.0 X4,1.0 TB
Sabrent Rocket Q4,219.99,2000.0,0.11,SSD,,M.2-2230,M.2 PCIe 4.0 X4,2.0 TB
Mushkin Gamma,315.99,4000.0,0.079,SSD,,M.2-2280,M.2 PCIe 4.0 X4,4.0 TB
Seagate IronWolf 125,403.39,2000.0,0.202,SSD,,2.5,SATA 6.0 Gb/s,2.0 TB
Mushkin ELEMENT,41.49,512.0,0.081,SSD,,2.5,SATA 6.0 Gb/s,512.0 GB
Addlink S95,139.44,2000.0,0.07,SSD,,M.2-2280,M.2 PCIe 4.0 X4,2.0 TB
Inland TN325,52.99,512.0,0.103,SSD,,M.2-2242,M.2 PCIe 3.0 X4,512.0 GB
Seagate FireCuda,281.27,2000.0,0.141,SSD,,M.2-2280,M.2 PCIe 3.0 X4,2.0 TB
TEAMGROUP T-Force Delta Max White RGB Lite,54.99,512.0,0.107,SSD,,2.5,SATA 6.0 Gb/s,512.0 GB
Intel 730,449.74,480.0,0.937,SSD,,2.5,SATA 6.0 Gb/s,480.0 GB
Western Digital Ultrastar,49.0,240.0,0.204,SSD,,2.5,SATA 6.0 Gb/s,240.0 GB
OCZ Vertex 4,409.9,256.0,1.601,SSD,,2.5,SATA 6.0 Gb/s,256.0 GB
Corsair Force LE,239.99,480.0,0.5,SSD,,2.5,SATA 6.0 Gb/s,480.0 GB
Seagate FireCuda 510,60.0,250.0,0.24,SSD,,M.2-2280,M.2 PCIe 3.0 X4,250.0 GB
Fantom Drives VenomX,149.94,2000.0,0.075,SSD,,M.2-2230,M.2 PCIe 4.0 X4,2.0 TB
TEAMGROUP MP44S,149.99,2000.0,0.075,SSD,,M.2-2230,M.2 PCIe 4.0 X4,2.0 TB
Micron 2400,169.95,2000.0,0.085,SSD,,M.2-2230,M.2 PCIe 4.0 X4,2.0 TB
Fantom Drives VENOM7,129.94,2000.0,0.065,SSD,,M.2-2280,M.2 PCIe 4.0 X4,2.0 TB
Sabrent Rocket 4.0,64.98,512.0,0.127,SSD,,M.2-2230,M.2 PCIe 4.0 X4,512.0 GB
Addlink X70,129.44,2000.0,0.065,SSD,,M.2-2280,M.2 PCIe 3.0 X4,2.0 TB
Transcend 250H,79.45,1000.0,0.079,SSD,,M.2-2280,M.2 PCIe 4.0 X4,1.0 TB
Crucial BX300,42.99,240.0,0.179,SSD,,2.5,SATA 6.0 Gb/s,240.0 GB
Intel 540s,129.0,240.0,0.537,SSD,,2.5,SATA 6.0 Gb/s,240.0 GB
Transcend TS480GSSD220S,52.22,480.0,0.109,SSD,,2.5,SATA 6.0 Gb/s,480.0 GB
ADATA Ultimate SU650,178.57,960.0,0.186,SSD,,2.5,SATA 6.0 Gb/s,960.0 GB
Mushkin ELEMENT,71.75,1000.0,0.072,SSD,,2.5,SATA 6.0 Gb/s,1.0 TB
Intel DC S3500,282.0,480.0,0.588,SSD,,2.5,SATA 6.0 Gb/s,480.0 GB
SanDisk Z400s,220.77,256.0,0.862,SSD,,2.5,SATA 6.0 Gb/s,256.0 GB
Intel 660p,86.99,512.0,0.17,SSD,,M.2-2280,M.2 PCIe 3.0 X4,512.0 GB
Kingston KC600,56.99,512.0,0.111,SSD,,2.5,SATA 6.0 Gb/s,512.0 GB
Kingston DC1000B,103.74,480.0,0.216,SSD,,M.2-2280,M.2 PCIe 3.0 X4,480.0 GB
Corsair MP600 CORE MINI,174.99,2000.0,0.087,SSD,,M.2-2230,M.2 PCIe 4.0 X4,2.0 TB
Western Digital WD Green,29.99,240.0,0.125,SSD,,M.2-2280,M.2 SATA,240.0 GB
Western Digital Red SA500,69.98,500.0,0.14,SSD,,M.2-2280,M.2 SATA,500.0 GB
Corsair MP400,290.82,2000.0,0.145,SSD,,M.2-2280,M.2 PCIe 3.0 X4,2.0 TB
Timetec 30TTQNS3SATA-2TB,102.99,2000.0,0.051,SSD,,2.5,SATA 6.0 Gb/s,2.0 TB
GameStop 23VG-GSPL-GameStop NVMe SSD-Heatsink-1TB,109.99,1000.0,0.11,SSD,,M.2-2280,M.2 PCIe 4.0 X4,1.0 TB
Kingston SSDNow V300,100.15,120.0,0.835,SSD,,2.5,SATA 6.0 Gb/s,120.0 GB
HP Z Turbo Drive G2,481.0,256.0,1.879,SSD,,PCIe,PCIe x4,256.0 GB
Lenovo OPAL2,74.98,512.0,0.146,SSD,,M.2-2280,M.2 PCIe 4.0 X4,512.0 GB
Seagate 600,135.0,240.0,0.562,SSD,,2.5,SATA 6.0 Gb/s,240.0 GB
Kingston SSDNow V300,285.62,480.0,0.595,SSD,,2.5,SATA 6.0 Gb/s,480.0 GB
Mushkin Source,292.39,2000.0,0.146,SSD,2048.0,2.5,SATA 6.0 Gb/s,2.0 TB
Seagate FireCuda 510,233.23,500.0,0.466,SSD,,M.2-2280,M.2 PCIe 3.0 X4,500.0 GB
Pioneer APS-SE20G-1T,152.16,1000.0,0.152,SSD,,M.2-2280,M.2 PCIe 3.0 X4,1.0 TB
Lenovo 4XB0W79580,125.99,256.0,0.492,SSD,,M.2-2280,M.2 PCIe 3.0 X4,256.0 GB
Kingston KC600B,72.13,512.0,0.141,SSD,,2.5,SATA 6.0 Gb/s,512.0 GB
Samsung PM893,111.88,480.0,0.233,SSD,,2.5,SATA 6.0 Gb/s,480.0 GB
Verbatim Vi560,62.8,256.0,0.245,SSD,,M.2-2280,M.2 SATA,256.0 GB
Titanium Micro TH4985,118.99,2000.0,0.059,SSD,,M.2-2280,M.2 PCIe 4.0 X4,2.0 TB
Western Digital SN530,59.3,512.0,0.116,SSD,,M.2-2230,M.2 PCIe 3.0 X4,512.0 GB
Transcend TS240GSSD220S,35.46,240.0,0.148,SSD,,2.5,SATA 6.0 Gb/s,240.0 GB
Kingston SSDNOW DC500M,149.0,960.0,0.155,SSD,,2.5,SATA 6.0 Gb/s,960.0 GB
Transcend SSD230S,59.99,512.0,0.117,SSD,,2.5,SATA 6.0 Gb/s,512.0 GB
Intel 545s,37.0,128.0,0.289,SSD,,M.2-2280,M.2 SATA,128.0 GB
Inland Platinum,39.99,512.0,0.078,SSD,,2.5,SATA 6.0 Gb/s,512.0 GB
Mushkin Source HC,399.0,4000.0,0.1,SSD,,2.5,SATA 6.0 Gb/s,4.0 TB
Titanium Micro PD560,39.99,500.0,0.08,SSD,,2.5,SATA 6.0 Gb/s,500.0 GB
NEMIX RAM NEMESIS,159.88,2000.0,0.08,SSD,,M.2-2280,M.2 PCIe 4.0 X4,2.0 TB
Transcend 830S,27.99,128.0,0.219,SSD,,M.2-2280,M.2 SATA,128.0 GB
Samsung SM843TN,237.0,480.0,0.494,SSD,,2.5,SATA 6.0 Gb/s,480.0 GB
VisionTek DLX4 Pro,65.0,512.0,0.127,SSD,,M.2-2280,M.2 PCIe 4.0 X4,512.0 GB
HP S700 Pro,79.98,1000.0,0.08,SSD,,2.5,SATA 6.0 Gb/s,1.0 TB
Intel D3-S4520,184.95,960.0,0.193,SSD,,2.5,SATA 6.0 Gb/s,960.0 GB
VisionTek DLX4 Pro,79.0,1000.0,0.079,SSD,,M.2-2280,M.2 PCIe 4.0 X4,1.0 TB
Micron 2400,59.99,512.0,0.117,SSD,,M.2-2230,M.2 PCIe 4.0 X4,512.0 GB
Oyen Digital Dash Pro w/Heat Sink,339.0,4000.0,0.085,SSD,,M.2-2280,M.2 PCIe 4.0 X4,4.0 TB
Intel DC S3500,92.37,120.0,0.77,SSD,,2.5,SATA 6.0 Gb/s,120.0 GB
Western Digital SN520,189.88,512.0,0.371,SSD,,M.2-2280,M.2 PCIe 3.0 X2,512.0 GB
Addlink A95,339.44,4000.0,0.085,SSD,,M.2-2280,M.2 PCIe 4.0 X4,4.0 TB
Intel 520,683.1,480.0,1.423,SSD,,2.5,SATA 6.0 Gb/s,480.0 GB
Crucial M550,177.77,128.0,1.389,SSD,,M.2-2280,M.2 SATA,128.0 GB
Transcend TS128GSSD370S,69.98,128.0,0.547,SSD,,2.5,SATA 6.0 Gb/s,128.0 GB
Lexar NS200,98.99,480.0,0.206,SSD,,2.5,SATA 6.0 Gb/s,480.0 GB
Intel DC S3110,174.0,128.0,1.359,SSD,,2.5,SATA 6.0 Gb/s,128.0 GB
V7 V7SSD512GBNV3U,52.99,512.0,0.103,SSD,,M.2-2280,M.2 PCIe 3.0 X4,512.0 GB
OWC Mercury Electra 6G,69.98,500.0,0.14,SSD,,2.5,SATA 6.0 Gb/s,500.0 GB
KingSpec XF,39.99,512.0,0.078,SSD,,M.2-2230,M.2 PCIe 4.0 X4,512.0 GB
Western Digital SN530,32.0,256.0,0.125,SSD,,M.2-2230,M.2 PCIe 3.0 X4,256.0 GB
Western Digital WD Green,49.99,480.0,0.104,SSD,,M.2-2280,M.2 SATA,480.0 GB
Mushkin ELEMENT,383.6,4000.0,0.096,SSD,,2.5,SATA 6.0 Gb/s,4.0 TB
KIOXIA BG5,45.0,512.0,0.088,SSD,,M.2-2230,M.2 PCIe 4.0 X4,512.0 GB
Intel 760p,729.99,2000.0,0.365,SSD,,M.2-2280,M.2 PCIe 3.0 X4,2.0 TB
Transcend SSD230S,29.99,128.0,0.234,SSD,,2.5,SATA 6.0 Gb/s,128.0 GB
Corsair CSSD-F4000GBMP600PHX,361.99,4000.0,0.09,SSD,,M.2-2280,M.2 PCIe 4.0 X4,4.0 TB
KingSpec NX-2230,28.99,256.0,0.113,SSD,,M.2-2230,M.2 PCIe 3.0 X4,256.0 GB
Western Digital Red SA500,69.98,500.0,0.14,SSD,,M.2-2280,M.2 SATA,500.0 GB
VisionTek DLX3,35.17,256.0,0.137,SSD,,M.2-2280,M.2 PCIe 3.0 X4,256.0 GB
KIOXIA BG5 SED,44.99,256.0,0.176,SSD,,M.2-2230,M.2 PCIe 4.0 X4,256.0 GB
Transcend 220S,64.98,512.0,0.127,SSD,,M.2-2280,M.2 PCIe 3.0 X4,512.0 GB
Lenovo ThinkPad OPAL,129.86,512.0,0.254,SSD,,M.2-2242,M.2 PCIe 4.0 X4,512.0 GB
Intel SSDSCKJW240H601,39.99,240.0,0.167,SSD,,M.2-2280,M.2 SATA,240.0 GB
Sony Optiarc,37.95,240.0,0.158,SSD,,2.5,SATA 6.0 Gb/s,240.0 GB
HP S700 Pro,78.98,512.0,0.154,SSD,,2.5,SATA 6.0 Gb/s,512.0 GB
VisionTek DLX3,75.0,1000.0,0.075,SSD,,M.2-2280,M.2 PCIe 3.0 X4,1.0 TB
Addlink S91,256.99,2000.0,0.128,SSD,,M.2-2230,M.2 PCIe 4.0 X4,2.0 TB
OWC Mercury Electra 6G,34.0,250.0,0.136,SSD,,2.5,SATA 6.0 Gb/s,250.0 GB
Intel 335,219.0,240.0,0.912,SSD,,2.5,SATA 6.0 Gb/s,240.0 GB
PNY CS1111,149.0,240.0,0.621,SSD,,2.5,SATA 6.0 Gb/s,240.0 GB
SanDisk Z400s,181.44,128.0,1.417,SSD,,M.2-2280,M.2 SATA,128.0 GB
Kingston SSDNow KC400,125.0,256.0,0.488,SSD,,2.5,SATA 6.0 Gb/s,256.0 GB
Intel Pro 6000p,104.19,128.0,0.814,SSD,,M.2-2280,M.2 PCIe 3.0 X4,128.0 GB
Intel D3-S4510,89.99,240.0,0.375,SSD,,2.5,SATA 6.0 Gb/s,240.0 GB
Lenovo 4XB0W79582,496.0,1000.0,0.496,SSD,,M.2-2280,M.2 PCIe 3.0 X4,1.0 TB
KIOXIA EXCERIA PLUS,489.99,2000.0,0.245,SSD,,M.2-2280,M.2 PCIe 3.0 X4,2.0 TB
Addlink S95,334.44,4000.0,0.084,SSD,,M.2-2280,M.2 PCIe 4.0 X4,4.0 TB
Titanium Micro TH3500,49.99,500.0,0.1,SSD,,M.2-2280,M.2 PCIe 3.0 X4,500.0 GB
Transcend MTE245S,66.67,500.0,0.133,SSD,,M.2-2280,M.2 PCIe 4.0 X4,500.0 GB
OWC Mercury Electra 6G,23.99,120.0,0.2,SSD,,2.5,SATA 6.0 Gb/s,120.0 GB
Addlink S70,67.88,1000.0,0.068,SSD,,M.2-2280,M.2 PCIe 3.0 X4,1.0 TB
HP 2DP97AA#ABC,29.99,120.0,0.25,SSD,,2.5,SATA 6.0 Gb/s,120.0 GB
SanDisk EXTREME PRO,299.99,960.0,0.312,SSD,,2.5,SATA 6.0 Gb/s,960.0 GB
HP S700 Pro,37.99,256.0,0.148,SSD,,2.5,SATA 6.0 Gb/s,256.0 GB
ADATA Ultimate SU650,52.22,480.0,0.109,SSD,,M.2-2280,M.2 SATA,480.0 GB
Seagate 600 Pro,199.0,240.0,0.829,SSD,,2.5,SATA 6.0 Gb/s,240.0 GB
Samsung Data Center,109.0,240.0,0.454,SSD,,2.5,SATA 6.0 Gb/s,240.0 GB
Mushkin Source,33.29,120.0,0.277,SSD,,2.5,SATA 6.0 Gb/s,120.0 GB
Sony Optiarc,59.95,480.0,0.125,SSD,,2.5,SATA 6.0 Gb/s,480.0 GB
PNY XLR8 CS3030,489.0,4000.0,0.122,SSD,,M.2-2280,M.2 PCIe 3.0 X4,4.0 TB
Fantom Drives VENOM8,99.95,1000.0,0.1,SSD,,M.2-2280,M.2 PCIe 4.0 X4,1.0 TB
Titanium Micro TH7175,314.99,4000.0,0.079,SSD,,M.2-2280,M.2 PCIe 4.0 X4,4.0 TB
Kingston HyperX 3K,206.01,120.0,1.717,SSD,,2.5,SATA 6.0 Gb/s,120.0 GB
Kingston SSDNow KC300,80.98,240.0,0.337,SSD,,2.5,SATA 6.0 Gb/s,240.0 GB
Intel 530,321.99,480.0,0.671,SSD,,2.5,SATA 6.0 Gb/s,480.0 GB
OCZ Vertex 460,200.0,120.0,1.667,SSD,,2.5,SATA 6.0 Gb/s,120.0 GB
PNY Optima,188.88,240.0,0.787,SSD,,2.5,SATA 6.0 Gb/s,240.0 GB
Transcend SSD370,173.18,512.0,0.338,SSD,,2.5,SATA 6.0 Gb/s,512.0 GB
Silicon Power S60 3K P/E,79.98,240.0,0.333,SSD,,2.5,SATA 6.0 Gb/s,240.0 GB
Kingston SSDNow G2,115.07,240.0,0.479,SSD,,M.2-2280,M.2 SATA,240.0 GB
Lexar NS200,59.99,240.0,0.25,SSD,,2.5,SATA 6.0 Gb/s,240.0 GB
Intel DC S3110,79.0,256.0,0.309,SSD,,M.2-2280,M.2 SATA,256.0 GB
Pioneer APS-SE20G-256,52.33,256.0,0.204,SSD,,M.2-2280,M.2 PCIe 3.0 X4,256.0 GB
Pioneer APS-SE20G-512,87.61,512.0,0.171,SSD,,M.2-2280,M.2 PCIe 3.0 X4,512.0 GB
Centon MP Essential,79.98,960.0,0.083,SSD,,2.5,SATA 6.0 Gb/s,960.0 GB
Apacer AS340 PANTHER,276.0,960.0,0.287,SSD,,2.5,SATA 6.0 Gb/s,960.0 GB
Intel D3-S4520,130.0,480.0,0.271,SSD,,2.5,SATA 6.0 Gb/s,480.0 GB
VisionTek DLX3,49.96,512.0,0.098,SSD,,M.2-2280,M.2 PCIe 3.0 X4,512.0 GB
Oyen Digital E13S-2242-1024PH,89.0,1000.0,0.089,SSD,,M.2-2242,M.2 PCIe 3.0 X4,1.0 TB
VisionTek DLX4,65.13,512.0,0.127,SSD,,M.2-2230,M.2 PCIe 4.0 X4,512.0 GB
PNY CS2142,159.99,2000.0,0.08,SSD,,M.2-2230,M.2 PCIe 4.0 X4,2.0 TB
KingSpec XF,73.99,1000.0,0.074,SSD,,M.2-2230,M.2 PCIe 4.0 X4,1.0 TB
Seagate FireCuda 520N,195.32,2000.0,0.098,SSD,,M.2-2230,M.2 PCIe 4.0 X4,2.0 TB
PNY XLR8 CS3040 w/Heatsink,325.16,2000.0,0.163,SSD,,M.2-2280,M.2 PCIe 4.0 X4,2.0 TB
Lenovo 5300,839.99,960.0,0.875,SSD,,2.5,SATA 6.0 Gb/s,960.0 GB
Seagate FireCuda,213.25,1000.0,0.213,SSD,,M.2-2280,M.2 PCIe 3.0 X4,1.0 TB
V7 V7SSD128GBNV3U,31.99,128.0,0.25,SSD,,M.2-2280,M.2 PCIe 3.0 X4,128.0 GB
Intel D3-S4610,159.94,960.0,0.167,SSD,,2.5,SATA 6.0 Gb/s,960.0 GB
Fantom Drives VENOM8 PS5,154.94,2000.0,0.077,SSD,,M.2-2280,M.2 PCIe 4.0 X4,2.0 TB
Transcend MTS400,143.91,256.0,0.562,SSD,,M.2-2242,M.2 SATA,256.0 GB
Transcend MTS800,264.56,512.0,0.517,SSD,,M.2-2280,M.2 SATA,512.0 GB
PNY CS1211,50.99,480.0,0.106,SSD,,2.5,SATA 6.0 Gb/s,480.0 GB
Seagate Nytro Enterprise,425.0,960.0,0.443,SSD,,2.5,SATA 6.0 Gb/s,960.0 GB
Seagate IronWolf 510,249.99,480.0,0.521,SSD,,M.2-2280,M.2 PCIe 3.0 X4,480.0 GB
Silicon Power US70,267.88,1000.0,0.268,SSD,,M.2-2280,M.2 PCIe 4.0 X4,1.0 TB
Angelbird AV PRO MK3,549.99,2000.0,0.275,SSD,,2.5,SATA 6.0 Gb/s,2.0 TB
Addlink S91,92.44,1000.0,0.092,SSD,,M.2-2230,M.2 PCIe 4.0 X4,1.0 TB
Titanium Micro TH7175,89.99,1000.0,0.09,SSD,,M.2-2280,M.2 PCIe 4.0 X4,1.0 TB
Transcend SSD230S,99.55,1000.0,0.1,SSD,,2.5,SATA 6.0 Gb/s,1.0 TB
Western Digital WD Green,47.0,120.0,0.392,SSD,,M.2-2280,M.2 SATA,120.0 GB
Fantom Drives VENOM7,89.95,1000.0,0.09,SSD,,M.2-2280,M.2 PCIe 4.0 X4,1.0 TB
Kingston HyperX,199.99,120.0,1.667,SSD,,2.5,SATA 6.0 Gb/s,120.0 GB
Intel 530,189.0,240.0,0.787,SSD,,2.5,SATA 6.0 Gb/s,240.0 GB
Seagate 600 Pro,199.0,480.0,0.415,SSD,,2.5,SATA 6.0 Gb/s,480.0 GB
VisionTek GoDrive,48.72,480.0,0.102,SSD,,2.5,SATA 6.0 Gb/s,480.0 GB
Kingston E50 Enterprise,210.56,240.0,0.877,SSD,,2.5,SATA 6.0 Gb/s,240.0 GB
SanDisk EXTREME PRO,199.99,480.0,0.417,SSD,,2.5,SATA 6.0 Gb/s,480.0 GB
Intel Pro 5400s,349.99,480.0,0.729,SSD,,2.5,SATA 6.0 Gb/s,480.0 GB
SanDisk Z410,170.9,480.0,0.356,SSD,,2.5,SATA 6.0 Gb/s,480.0 GB
Intel Pro 6000p,108.0,512.0,0.211,SSD,,M.2-2280,M.2 PCIe 3.0 X4,512.0 GB
Intel 545s,185.9,512.0,0.363,SSD,,M.2-2280,M.2 SATA,512.0 GB
Micron 1100,199.99,1000.0,0.2,SSD,,2.5,SATA 6.0 Gb/s,1.0 TB
Mushkin PILOT,143.68,1000.0,0.144,SSD,,M.2-2280,M.2 PCIe 3.0 X4,1.0 TB
ADATA SU800,74.95,1000.0,0.075,SSD,,M.2-2280,M.2 SATA,1.0 TB
SanDisk X600,235.0,1000.0,0.235,SSD,,2.5,SATA 6.0 Gb/s,1.0 TB
Intel D3-S4610,134.75,480.0,0.281,SSD,,2.5,SATA 6.0 Gb/s,480.0 GB
PNY XLR8 CS2311,92.85,500.0,0.186,SSD,,2.5,SATA 6.0 Gb/s,500.0 GB
Centon MP Essential,29.97,240.0,0.125,SSD,,2.5,SATA 6.0 Gb/s,240.0 GB
Kingston DC500R,93.99,480.0,0.196,SSD,,2.5,SATA 6.0 Gb/s,480.0 GB
VisionTek PRO,74.99,500.0,0.15,SSD,,2.5,SATA 6.0 Gb/s,500.0 GB
PNY XLR8 CS3040 w/Heatsink,244.98,1000.0,0.245,SSD,,M.2-2280,M.2 PCIe 4.0 X4,1.0 TB
Inland Platinum,27.99,256.0,0.109,SSD,,2.5,SATA 6.0 Gb/s,256.0 GB
V7 V7SSD240GBM2SU,33.22,240.0,0.138,SSD,,M.2-2280,M.2 SATA,240.0 GB
V7 V7SSD480GBM2SU,39.82,480.0,0.083,SSD,,M.2-2280,M.2 SATA,480.0 GB
V7 V7SSD256GBNV3U,38.99,256.0,0.152,SSD,,M.2-2280,M.2 PCIe 3.0 X4,256.0 GB
Intel D3-S4620,259.75,960.0,0.271,SSD,,2.5,SATA 6.0 Gb/s,960.0 GB
PNY CS2240,79.98,500.0,0.16,SSD,,M.2-2280,M.2 PCIe 4.0 X4,500.0 GB
Fantom Drives VENOM8 PS5,349.95,4000.0,0.087,SSD,,M.2-2280,M.2 PCIe 4.0 X4,4.0 TB
VisionTek DLX4,103.99,1000.0,0.104,SSD,,M.2-2242,M.2 PCIe 4.0 X4,1.0 TB
VisionTek DLX4,56.0,512.0,0.109,SSD,,M.2-2280,M.2 PCIe 4.0 X4,512.0 GB
Titanium Micro TH2000,48.99,512.0,0.096,SSD,,M.2-2280,M.2 PCIe 3.0 X4,512.0 GB
Transcend 830S,39.99,256.0,0.156,SSD,,M.2-2280,M.2 SATA,256.0 GB
Lenovo S4520,421.87,960.0,0.439,SSD,,2.5,SATA 6.0 Gb/s,960.0 GB
Nextorage G-Series LE,89.99,1000.0,0.09,SSD,,M.2-2280,M.2 PCIe 4.0 X4,1.0 TB
Patriot VP4000 Mini,49.99,500.0,0.1,SSD,,M.2-2230,M.2 PCIe 4.0 X4,500.0 GB
Micron 2400,95.0,1000.0,0.095,SSD,,M.2-2230,M.2 PCIe 4.0 X4,1.0 TB
Inland TN446,87.99,1000.0,0.088,SSD,,M.2-2230,M.2 PCIe 4.0 X4,1.0 TB
PNY CS2130,499.99,4000.0,0.125,SSD,,M.2-2280,M.2 PCIe 3.0 X4,4.0 TB
Western Digital SN520,77.0,512.0,0.15,SSD,,M.2-2230,M.2 PCIe 3.0 X2,512.0 GB
VisionTek DLX4,150.0,2000.0,0.075,SSD,,M.2-2280,M.2 PCIe 4.0 X4,2.0 TB
Titanium Micro TH7175,164.99,2000.0,0.082,SSD,,M.2-2280,M.2 PCIe 4.0 X4,2.0 TB
Fantom Drives VENOM7 PS5,139.94,2000.0,0.07,SSD,,M.2-2280,M.2 PCIe 4.0 X4,2.0 TB
Intel 540s,403.55,480.0,0.841,SSD,,2.5,SATA 6.0 Gb/s,480.0 GB
Intel Pro 5400s,547.0,1000.0,0.547,SSD,,2.5,SATA 6.0 Gb/s,1.0 TB
Transcend TS960GSSD220S,96.41,960.0,0.1,SSD,,2.5,SATA 6.0 Gb/s,960.0 GB
Crucial BX300,69.98,480.0,0.146,SSD,,2.5,SATA 6.0 Gb/s,480.0 GB
VisionTek PRO XMN,162.79,1000.0,0.163,SSD,,M.2-2280,M.2 PCIe 3.0 X4,1.0 TB
VisionTek DLX3,154.38,2000.0,0.077,SSD,,M.2-2280,M.2 PCIe 3.0 X4,2.0 TB
VisionTek DLX4 Pro,479.9,4000.0,0.12,SSD,,M.2-2280,M.2 PCIe 4.0 X4,4.0 TB
VisionTek DLX4,186.29,2000.0,0.093,SSD,,M.2-2230,M.2 PCIe 4.0 X4,2.0 TB
SanDisk Extreme,159.99,120.0,1.333,SSD,,2.5,SATA 6.0 Gb/s,120.0 GB
ADATA Premier Pro SP900,299.95,256.0,1.172,SSD,,2.5,SATA 6.0 Gb/s,256.0 GB
Kingston SSDNow KC100,310.24,240.0,1.293,SSD,,2.5,SATA 6.0 Gb/s,240.0 GB
OCZ Vector 150,380.0,240.0,1.583,SSD,,2.5,SATA 6.0 Gb/s,240.0 GB
Toshiba Q Series Pro,149.94,256.0,0.586,SSD,,2.5,SATA 6.0 Gb/s,256.0 GB
Transcend MTS400,77.14,128.0,0.603,SSD,,M.2-2242,M.2 SATA,128.0 GB
Kingston SSDNow V310,300.0,960.0,0.312,SSD,,2.5,SATA 6.0 Gb/s,960.0 GB
Crucial M500,380.77,480.0,0.793,SSD,,M.2-2280,M.2 SATA,480.0 GB
Silicon Power S60 3K P/E,69.96,120.0,0.583,SSD,,2.5,SATA 6.0 Gb/s,120.0 GB
VisionTek Go Drive,194.48,240.0,0.81,SSD,,2.5,SATA 6.0 Gb/s,240.0 GB
Intel 535,149.0,120.0,1.242,SSD,,2.5,SATA 6.0 Gb/s,120.0 GB
Intel 535,98.71,240.0,0.411,SSD,,2.5,SATA 6.0 Gb/s,240.0 GB
Intel SSDSC2BB240G601,315.0,240.0,1.312,SSD,,2.5,SATA 6.0 Gb/s,240.0 GB
Intel SSDSC2BB480G601,287.97,480.0,0.6,SSD,,2.5,SATA 6.0 Gb/s,480.0 GB
Transcend TS256GSSD370S,119.0,256.0,0.465,SSD,,2.5,SATA 6.0 Gb/s,256.0 GB
Crucial BX200,151.99,960.0,0.158,SSD,,2.5,SATA 6.0 Gb/s,960.0 GB
PNY CS2211,55.0,480.0,0.115,SSD,,2.5,SATA 6.0 Gb/s,480.0 GB
Patriot Spark,90.0,128.0,0.703,SSD,,2.5,SATA 6.0 Gb/s,128.0 GB
Seagate Nytro Enterprise,580.0,960.0,0.604,SSD,,2.5,SATA 6.0 Gb/s,960.0 GB
Plextor M8VC,100.99,128.0,0.789,SSD,256.0,2.5,SATA 6.0 Gb/s,128.0 GB
VisionTek PRO,216.92,1000.0,0.217,SSD,,2.5,SATA 6.0 Gb/s,1.0 TB
VisionTek 900802,69.7,256.0,0.272,SSD,,2.5,SATA 6.0 Gb/s,256.0 GB
VisionTek PRO,66.83,240.0,0.278,SSD,,2.5,SATA 6.0 Gb/s,240.0 GB
Intel D3-S4510,185.0,960.0,0.193,SSD,,2.5,SATA 6.0 Gb/s,960.0 GB
Intel DC S4500,239.0,960.0,0.249,SSD,,2.5,SATA 6.0 Gb/s,960.0 GB
Kingston SSDNOW DC500M,129.99,480.0,0.271,SSD,,2.5,SATA 6.0 Gb/s,480.0 GB
Mushkin RAW,99.99,500.0,0.2,SSD,,2.5,SATA 6.0 Gb/s,500.0 GB
Intel DC S3500,133.0,240.0,0.554,SSD,,2.5,SATA 6.0 Gb/s,240.0 GB
Intel DC S3520,220.0,480.0,0.458,SSD,,2.5,SATA 6.0 Gb/s,480.0 GB
VisionTek PRO HXS,50.17,256.0,0.196,SSD,,2.5,SATA 6.0 Gb/s,256.0 GB
VisionTek PRO XMN,39.99,256.0,0.156,SSD,,M.2-2280,M.2 PCIe 3.0 X4,256.0 GB
VisionTek PRO HXS,174.63,1000.0,0.175,SSD,,2.5,SATA 6.0 Gb/s,1.0 TB
Transcend 220S,219.9,2000.0,0.11,SSD,,M.2-2280,M.2 PCIe 3.0 X4,2.0 TB
VisionTek PRO,249.99,2000.0,0.125,SSD,,2.5,SATA 6.0 Gb/s,2.0 TB
Klevv NEO N610,39.02,256.0,0.152,SSD,,2.5,SATA 6.0 Gb/s,256.0 GB
Timetec 30TT253X2,65.55,1000.0,0.066,SSD,,2.5,SATA 6.0 Gb/s,1.0 TB
V7 V7SSD1TBM2SU,87.99,1000.0,0.088,SSD,,M.2-2280,M.2 SATA,1.0 TB
V7 V7SSD1TBNV3U,90.99,1000.0,0.091,SSD,,M.2-2280,M.2 PCIe 3.0 X4,1.0 TB
Intel D3-S4520,141.0,240.0,0.588,SSD,,M.2-2280,M.2 SATA,240.0 GB
Inland TN436,87.99,1000.0,0.088,SSD,,M.2-2230,M.2 PCIe 4.0 X4,1.0 TB
NEMIX RAM NEMESIS,318.99,4000.0,0.08,SSD,,M.2-2280,M.2 PCIe 4.0 X4,4.0 TB
Transcend MTE245S,369.99,4000.0,0.092,SSD,,M.2-2280,M.2 PCIe 4.0 X4,4.0 TB
Transcend 830S,61.99,512.0,0.121,SSD,,M.2-2280,M.2 SATA,512.0 GB
OWC Mercury Electra 6G,118.99,1000.0,0.119,SSD,,2.5,SATA 6.0 Gb/s,1.0 TB
OWC Mercury Electra 6G,199.99,2000.0,0.1,SSD,,2.5,SATA 6.0 Gb/s,2.0 TB
AGI AI818,266.07,2000.0,0.133,SSD,,M.2-2280,M.2 PCIe 4.0 X4,2.0 TB
AGI AI198,218.49,1000.0,0.218,SSD,,M.2-2280,M.2 PCIe 3.0 X4,1.0 TB
Inland TN446,54.99,512.0,0.107,SSD,,M.2-2230,M.2 PCIe 4.0 X4,512.0 GB
Patriot VP4000 Mini,79.98,1000.0,0.08,SSD,,M.2-2230,M.2 PCIe 4.0 X4,1.0 TB
Seagate FireCuda 520N,118.0,1000.0,0.118,SSD,,M.2-2230,M.2 PCIe 4.0 X4,1.0 TB
Patriot VP4000 Mini,174.99,2000.0,0.087,SSD,,M.2-2230,M.2 PCIe 4.0 X4,2.0 TB
KingSpec NX-2230,44.99,512.0,0.088,SSD,,M.2-2230,M.2 PCIe 3.0 X4,512.0 GB
Lexar PLAY,89.99,1000.0,0.09,SSD,,M.2-2230,M.2 PCIe 4.0 X4,1.0 TB
Intel 535,159.0,120.0,1.325,SSD,,M.2-2280,M.2 SATA,120.0 GB
Lenovo 5300,587.6,960.0,0.612,SSD,,2.5,SATA 6.0 Gb/s,960.0 GB
VisionTek PRO,49.99,250.0,0.2,SSD,,2.5,SATA 6.0 Gb/s,250.0 GB
VisionTek PRO HXS,255.08,2000.0,0.128,SSD,,2.5,SATA 6.0 Gb/s,2.0 TB
Silicon Power XD80,284.41,1000.0,0.284,SSD,,M.2-2280,M.2 PCIe 3.0 X4,1.0 TB
VisionTek PRO,136.99,1000.0,0.137,SSD,,2.5,SATA 6.0 Gb/s,1.0 TB
Intel D3-S4520,136.4,480.0,0.284,SSD,,M.2-2280,M.2 SATA,480.0 GB
Fantom Drives VENOM8 PS5,109.45,1000.0,0.109,SSD,,M.2-2280,M.2 PCIe 4.0 X4,1.0 TB
VisionTek DLX4 Pro,201.45,2000.0,0.101,SSD,,M.2-2280,M.2 PCIe 4.0 X4,2.0 TB
Titanium Micro PD560,129.99,2000.0,0.065,SSD,,2.5,SATA 6.0 Gb/s,2.0 TB
SanDisk Extreme,299.99,480.0,0.625,SSD,,2.5,SATA 6.0 Gb/s,480.0 GB
Kingston SSDNow V+200,159.99,120.0,1.333,SSD,,2.5,SATA 6.0 Gb/s,120.0 GB
Kingston KC300,199.99,240.0,0.833,SSD,,2.5,SATA 6.0 Gb/s,240.0 GB
Kingston KC300,309.99,480.0,0.646,SSD,,2.5,SATA 6.0 Gb/s,480.0 GB
Transcend MTS800,139.94,256.0,0.547,SSD,,M.2-2280,M.2 SATA,256.0 GB
VisionTek Go Drive,332.29,1000.0,0.332,SSD,,2.5,SATA 6.0 Gb/s,1.0 TB
VisionTek Go Drive,351.75,480.0,0.733,SSD,,2.5,SATA 6.0 Gb/s,480.0 GB
Intel 535,306.1,240.0,1.275,SSD,,2.5,SATA 6.0 Gb/s,240.0 GB
Mushkin Atlas Vital,104.83,250.0,0.419,SSD,,M.2-2280,M.2 SATA,250.0 GB
ADATA XPG SX930,229.27,120.0,1.911,SSD,,2.5,SATA 6.0 Gb/s,120.0 GB
Transcend TS512GSSD370S,219.99,512.0,0.43,SSD,,2.5,SATA 6.0 Gb/s,512.0 GB
Intel Pro 5400s,170.05,120.0,1.417,SSD,,2.5,SATA 6.0 Gb/s,120.0 GB
VisionTek PRO,131.54,500.0,0.263,SSD,,M.2-2280,M.2 SATA,500.0 GB
VisionTek PRO,228.49,1000.0,0.228,SSD,,M.2-2280,M.2 SATA,1.0 TB
Kingston DC450R,136.44,480.0,0.284,SSD,,2.5,SATA 6.0 Gb/s,480.0 GB
VisionTek PRO XMN,93.99,500.0,0.188,SSD,,M.2-2280,M.2 PCIe 3.0 X4,500.0 GB
VisionTek PRO XPN,126.82,2000.0,0.063,SSD,,M.2-2280,M.2 PCIe 3.0 X4,2.0 TB
VisionTek PRO XPN,205.15,1000.0,0.205,SSD,,M.2-2280,M.2 PCIe 3.0 X4,1.0 TB
VisionTek PRO XPN,108.99,512.0,0.213,SSD,,M.2-2280,M.2 PCIe 3.0 X4,512.0 GB
VisionTek PRO HXS,89.99,500.0,0.18,SSD,,2.5,SATA 6.0 Gb/s,500.0 GB
VisionTek PRO XMN,52.67,250.0,0.211,SSD,,2.5,SATA 6.0 Gb/s,250.0 GB
VisionTek PRO ECS,347.34,2000.0,0.174,SSD,,2.5,SATA 6.0 Gb/s,2.0 TB
Centon MP Essential,96.87,480.0,0.202,SSD,,2.5,SATA 6.0 Gb/s,480.0 GB
Angelbird AV PRO MK3,399.0,1000.0,0.399,SSD,,2.5,SATA 6.0 Gb/s,1.0 TB
Angelbird AV PRO XT,429.99,500.0,0.86,SSD,,2.5,SATA 6.0 Gb/s,500.0 GB
VisionTek PRO,49.99,250.0,0.2,SSD,,2.5,SATA 6.0 Gb/s,250.0 GB
V7 V7SSD240GBS25U,33.04,240.0,0.138,SSD,,2.5,SATA 6.0 Gb/s,240.0 GB
V7 V7SSD480GBS25U,68.64,480.0,0.143,SSD,,2.5,SATA 6.0 Gb/s,480.0 GB
V7 V7SSD512GBS25U,51.97,512.0,0.102,SSD,,2.5,SATA 6.0 Gb/s,512.0 GB
V7 V7SSD1TBS25U,89.99,1000.0,0.09,SSD,,2.5,SATA 6.0 Gb/s,1.0 TB
Intel D3-S4520,92.69,240.0,0.386,SSD,,2.5,SATA 6.0 Gb/s,240.0 GB
Intel D3-S4620,160.15,480.0,0.334,SSD,,2.5,SATA 6.0 Gb/s,480.0 GB
VisionTek DLX4,96.99,1000.0,0.097,SSD,,M.2-2230,M.2 PCIe 4.0 X4,1.0 TB
Transcend 830S,109.99,1000.0,0.11,SSD,,M.2-2280,M.2 SATA,1.0 TB
VisionTek 900981,149.16,1000.0,0.149,SSD,,2.5,SATA 6.0 Gb/s,1.0 TB
VisionTek 900982,288.64,2000.0,0.144,SSD,,2.5,SATA 6.0 Gb/s,2.0 TB
Lenovo S4520,299.0,480.0,0.623,SSD,,2.5,SATA 6.0 Gb/s,480.0 GB
