name,price,chipset,memory,core_clock,boost_clock,length,Brand,Model,Rank,Benchmark,tdp
MSI GeForce RTX 3060 Ventus 2X 12G,289.39,GeForce RTX 3060 12GB,12.0,1320.0,1777.0,235.0,Nvidia,RTX 3060,59,100.0,170
Gigabyte WINDFORCE OC,549.99,GeForce RTX 4070,12.0,1920.0,2490.0,261.0,Nvidia,RTX 4070,14,190.0,200
ASRock Radeon RX6700XT CLD 12G,375.99,Radeon RX 6700 XT,12.0,2321.0,2581.0,269.0,AMD,RX 6700-XT,40,122.0,230
Asus DUAL OC,309.99,GeForce RTX 4060,8.0,1830.0,2535.0,227.0,Nvidia,RTX 4060,39,122.0,115
Asus ROG STRIX GAMING OC,2313.98,GeForce RTX 4090,24.0,2235.0,2640.0,358.0,Nvidia,RTX 4090,1,370.0,450
Asus TUF GAMING OC,849.0,GeForce RTX 4070 Ti,12.0,2310.0,2760.0,305.0,Nvidia,RTX 4070-Ti,4,240.0,285
Gigabyte GAMING OC,499.99,Radeon RX 7800 XT,16.0,1295.0,2565.0,302.0,AMD,RX 7800-XT,13,190.0,270
Asus DUAL OC,589.99,GeForce RTX 4070,12.0,2520.0,2550.0,267.0,Nvidia,RTX 4070,14,190.0,200
MSI VENTUS 2X BLACK OC,294.99,GeForce RTX 4060,8.0,1830.0,2505.0,199.0,Nvidia,RTX 4060,39,122.0,115
XFX Speedster MERC 310 Black Edition,944.99,Radeon RX 7900 XTX,24.0,2300.0,2615.0,344.0,AMD,RX 7900-XTX,3,256.0,355
NVIDIA Founders Edition,2299.98,GeForce RTX 4090,24.0,2230.0,2520.0,304.0,Nvidia,RTX 4090,1,370.0,450
MSI RTX 3060 Ventus 3X 12G OC,297.0,GeForce RTX 3060 12GB,12.0,1320.0,1807.0,316.0,Nvidia,RTX 3060,59,100.0,170
Gigabyte WINDFORCE OC,779.99,GeForce RTX 4070 Ti,12.0,2310.0,2625.0,261.0,Nvidia,RTX 4070-Ti,4,240.0,285
XFX Speedster SWFT 319,420.65,Radeon RX 6800,16.0,1700.0,2105.0,340.0,AMD,RX 6800,27,143.0,250
Asus ROG STRIX GAMING OC,2413.98,GeForce RTX 4090,24.0,2235.0,2640.0,358.0,Nvidia,RTX 4090,1,370.0,450
XFX Speedster MERC 310 Black Edition,709.99,Radeon RX 7900 XT,20.0,2000.0,2560.0,344.0,AMD,RX 7900-XT,6,220.0,300
PowerColor Fighter,204.99,Radeon RX 6600,8.0,1626.0,2491.0,200.0,AMD,RX 6600,78,86.2,132
Sapphire PURE,539.99,Radeon RX 7800 XT,16.0,1295.0,2475.0,320.0,AMD,RX 7800-XT,13,190.0,270
Asus TUF GAMING,809.99,GeForce RTX 4070 Ti,12.0,2310.0,2640.0,305.0,Nvidia,RTX 4070-Ti,4,240.0,285
Asus DUAL OC,569.99,GeForce RTX 4070,12.0,2520.0,2550.0,267.0,Nvidia,RTX 4070,14,190.0,200
PowerColor Fighter,375.2,Radeon RX 6700 XT,12.0,2321.0,2581.0,228.0,AMD,RX 6700-XT,40,122.0,230
NVIDIA Founders Edition,727.99,GeForce RTX 4070,12.0,1920.0,2480.0,244.0,Nvidia,RTX 4070,14,190.0,200
XFX Speedster SWFT 210,229.99,Radeon RX 6600,8.0,1626.0,2491.0,241.0,AMD,RX 6600,78,86.2,132
Asus ROG Matrix Platinum,4193.99,GeForce RTX 4090,24.0,2670.0,2700.0,286.0,Nvidia,RTX 4090,1,370.0,450
XFX Speedster SWFT 309,349.99,Radeon RX 6700 XT,12.0,2321.0,2581.0,304.0,AMD,RX 6700-XT,40,122.0,230
Asus Dual GeForce RTX 3060 V2 OC Edition,299.99,GeForce RTX 3060 12GB,12.0,1320.0,1867.0,200.0,Nvidia,RTX 3060,59,100.0,170
MSI VENTUS 2X OC,549.99,GeForce RTX 4070,12.0,1920.0,2520.0,242.0,Nvidia,RTX 4070,14,190.0,200
Gigabyte GAMING OC Rev 2.0,424.99,GeForce RTX 3070 LHR,8.0,1500.0,1815.0,286.0,Nvidia,RTX 3070,25,148.0,220
Asus DUAL OC,299.99,GeForce RTX 3060 12GB,12.0,1320.0,1867.0,200.0,Nvidia,RTX 3060,59,100.0,170
NVIDIA Founders Edition,1599.99,GeForce RTX 4080,16.0,2210.0,2510.0,304.0,Nvidia,RTX 4080,2,290.0,320
XFX Speedster QICK 319 Core,389.99,Radeon RX 6750 XT,12.0,2150.0,2600.0,323.0,AMD,RX 6750-XT,33,130.0,250
MSI VENTUS 2X XS OC,219.99,GeForce RTX 3050 8GB,8.0,1550.0,1807.0,205.0,Nvidia,RTX 3050,92,74.8,130
NVIDIA Founders Edition,519.0,GeForce RTX 3060 Ti,8.0,1410.0,1670.0,242.0,Nvidia,RTX 3060-Ti,34,128.0,200
Sapphire PULSE,979.99,Radeon RX 7900 XTX,24.0,2300.0,2525.0,313.0,AMD,RX 7900-XTX,3,256.0,355
Asus TUF GAMING OC,649.99,GeForce RTX 4070,12.0,2550.0,2580.0,301.0,Nvidia,RTX 4070,14,190.0,200
MSI VENTUS 2X BLACK OC,449.99,GeForce RTX 4060 Ti,16.0,2310.0,2625.0,199.0,Nvidia,RTX 4060-Ti,26,145.0,160
Sapphire NITRO+,1059.99,Radeon RX 7900 XTX,24.0,2300.0,2680.0,320.0,AMD,RX 7900-XTX,3,256.0,355
Gigabyte GAMING OC,439.99,Radeon RX 7700 XT,12.0,1700.0,2599.0,302.0,AMD,RX 7700-XT,19,170.0,245
Asus TUF GAMING,1509.14,GeForce RTX 4080,16.0,2205.0,2535.0,348.0,Nvidia,RTX 4080,2,290.0,320
Sapphire PULSE,269.99,Radeon RX 7600,8.0,1720.0,2755.0,240.0,AMD,RX 7600,45,115.0,165
Gigabyte EAGLE,219.94,Radeon RX 6600,8.0,1626.0,2491.0,282.0,AMD,RX 6600,78,86.2,132
Sapphire PULSE,476.98,Radeon RX 6700 XT,12.0,2321.0,2581.0,260.0,AMD,RX 6700-XT,40,122.0,230
XFX Speedster SWFT 210 Core,259.99,Radeon RX 6650 XT,8.0,2055.0,2635.0,241.0,AMD,RX 6650-XT,50,110.0,180
Asus TUF GAMING OC,2019.98,GeForce RTX 4090,24.0,2235.0,2595.0,348.0,Nvidia,RTX 4090,1,370.0,450
PowerColor Hellhound OC,529.99,Radeon RX 7800 XT,16.0,1295.0,2520.0,322.0,AMD,RX 7800-XT,13,190.0,270
Asus ROG STRIX GAMING OC,909.99,GeForce RTX 4070 Ti,12.0,2310.0,2790.0,336.0,Nvidia,RTX 4070-Ti,4,240.0,285
Gigabyte AERO OC V2,819.99,GeForce RTX 4070 Ti,12.0,2310.0,2640.0,300.0,Nvidia,RTX 4070-Ti,4,240.0,285
Asus DUAL OC,399.99,GeForce RTX 4060 Ti,8.0,2310.0,2595.0,227.0,Nvidia,RTX 4060-Ti,26,145.0,160
XFX Speedster MERC 319 Black,539.99,Radeon RX 7800 XT,16.0,1295.0,2565.0,326.0,AMD,RX 7800-XT,13,190.0,270
XFX Speedster MERC 319 CORE,559.79,Radeon RX 6800 XT,16.0,1825.0,2250.0,340.0,AMD,RX 6800-XT,18,171.0,300
Sapphire PULSE,709.99,Radeon RX 7900 XT,20.0,2000.0,2450.0,313.0,AMD,RX 7900-XT,6,220.0,300
Asus ROG STRIX GAMING OC,1799.0,GeForce RTX 4080,16.0,2205.0,2655.0,358.0,Nvidia,RTX 4080,2,290.0,320
ASRock Phantom Gaming OC,979.99,Radeon RX 7900 XTX,24.0,2300.0,2615.0,330.0,AMD,RX 7900-XTX,3,256.0,355
PowerColor Hellhound,979.99,Radeon RX 7900 XTX,24.0,2300.0,2525.0,320.0,AMD,RX 7900-XTX,3,256.0,355
Zotac Twin Edge,534.99,GeForce RTX 4070,12.0,1920.0,2475.0,226.0,Nvidia,RTX 4070,14,190.0,200
Asus ROG STRIX GAMING OC,1839.9,GeForce RTX 4080,16.0,2205.0,2655.0,358.0,Nvidia,RTX 4080,2,290.0,320
XFX Speedster QICK 319 Core,519.99,Radeon RX 7800 XT,16.0,1295.0,2430.0,335.0,AMD,RX 7800-XT,13,190.0,270
ASRock Taichi OC,1049.99,Radeon RX 7900 XTX,24.0,2300.0,2680.0,345.0,AMD,RX 7900-XTX,3,256.0,355
Gigabyte GAMING OC,269.99,Radeon RX 7600,8.0,1720.0,2755.0,282.0,AMD,RX 7600,45,115.0,165
PowerColor Fighter,249.99,Radeon RX 6650 XT,8.0,2055.0,2635.0,200.0,AMD,RX 6650-XT,50,110.0,180
EVGA FTW3 ULTRA GAMING,944.99,GeForce RTX 3080 10GB,10.0,1440.0,1800.0,300.0,Nvidia,RTX 3080,16,187.0,320
ASRock Challenger OC,449.99,Radeon RX 7700 XT,12.0,1700.0,2854.0,266.0,AMD,RX 7700-XT,19,170.0,245
Asus DUAL,549.99,GeForce RTX 4070,12.0,2475.0,2505.0,267.0,Nvidia,RTX 4070,14,190.0,200
MSI GAMING X SLIM,1199.99,GeForce RTX 4080,16.0,2205.0,2610.0,322.0,Nvidia,RTX 4080,2,290.0,320
Zotac GAMING Twin Edge OC,349.99,GeForce RTX 3060 12GB,12.0,1320.0,1807.0,224.0,Nvidia,RTX 3060,59,100.0,170
Sapphire PULSE,214.99,Radeon RX 6600,8.0,1626.0,2491.0,193.0,AMD,RX 6600,78,86.2,132
MSI GAMING X TRIO,869.99,GeForce RTX 4070 Ti,12.0,2310.0,2760.0,337.0,Nvidia,RTX 4070-Ti,4,240.0,285
MSI GAMING X SLIM,779.99,GeForce RTX 4070 Ti,12.0,2310.0,2745.0,307.0,Nvidia,RTX 4070-Ti,4,240.0,285
Zotac GAMING Trinity OC,769.99,GeForce RTX 4070 Ti,12.0,2310.0,2625.0,307.0,Nvidia,RTX 4070-Ti,4,240.0,285
Zotac GAMING Twin Edge OC,319.99,GeForce RTX 4060,8.0,1830.0,2490.0,221.0,Nvidia,RTX 4060,39,122.0,115
Gigabyte AERO OC,2269.69,GeForce RTX 4090,24.0,2520.0,2535.0,342.0,Nvidia,RTX 4090,1,370.0,450
ASRock Challenger OC,499.99,Radeon RX 7800 XT,16.0,1295.0,2475.0,267.0,AMD,RX 7800-XT,13,190.0,270
Gigabyte WINDFORCE OC,449.99,GeForce RTX 4060 Ti,16.0,2310.0,2565.0,201.0,Nvidia,RTX 4060-Ti,26,145.0,160
Gigabyte GAMING OC,619.9,GeForce RTX 3070,8.0,1500.0,1815.0,286.0,Nvidia,RTX 3070,25,148.0,220
MSI RX 6600 XT MECH 2X 8G OC,475.86,Radeon RX 6600 XT,8.0,1968.0,2602.0,235.0,AMD,RX 6600-XT,54,107.0,160
MSI GeForce RTX 2060 VENTUS GP OC,347.9,GeForce RTX 2060,6.0,1365.0,1710.0,231.0,Nvidia,RTX 2060,72,89.8,160
MSI VENTUS 2X OC,304.99,GeForce RTX 4060,8.0,1830.0,2505.0,199.0,Nvidia,RTX 4060,39,122.0,115
ASRock Phantom Gaming OC,709.99,Radeon RX 7900 XT,20.0,2000.0,2450.0,330.0,AMD,RX 7900-XT,6,220.0,300
PowerColor Hellhound Spectral,999.99,Radeon RX 7900 XTX,24.0,2300.0,2525.0,338.0,AMD,RX 7900-XTX,3,256.0,355
Asus TUF GAMING OC,879.99,GeForce RTX 4070 Ti,12.0,2310.0,2760.0,305.0,Nvidia,RTX 4070-Ti,4,240.0,285
ASRock Challenger Pro OC,379.99,Radeon RX 6750 XT,12.0,2150.0,2618.0,303.0,AMD,RX 6750-XT,33,130.0,250
Asus TUF GAMING OC,599.0,GeForce RTX 3060 Ti,8.0,1410.0,1785.0,302.0,Nvidia,RTX 3060-Ti,34,128.0,200
ASRock Challenger,219.99,Radeon RX 6600,8.0,1626.0,2491.0,269.0,AMD,RX 6600,78,86.2,132
PowerColor Hellhound,749.99,Radeon RX 7900 XT,20.0,2000.0,2500.0,320.0,AMD,RX 7900-XT,6,220.0,300
XFX Speedster SWFT 210 Core,269.99,Radeon RX 7600,8.0,1875.0,2655.0,241.0,AMD,RX 7600,45,115.0,165
Acer Predator BiFrost OC,299.99,Arc A770,16.0,2200.0,2400.0,267.0,Intel,Arc A770,51,110.0,225
Zotac GAMING Twin Edge OC,474.9,GeForce RTX 3060 Ti LHR,8.0,1410.0,1695.0,222.0,Nvidia,RTX 3060-Ti,34,128.0,200
MSI MECH 2X OC,174.99,Radeon RX 6500 XT,4.0,2310.0,2825.0,172.0,AMD,RX 6500-XT,123,50.3,107
Gigabyte GAMING OC,479.99,GeForce RTX 4060 Ti,16.0,2310.0,2595.0,281.0,Nvidia,RTX 4060-Ti,26,145.0,160
Gigabyte AERO OC,509.99,GeForce RTX 4060 Ti,16.0,2310.0,2595.0,281.0,Nvidia,RTX 4060-Ti,26,145.0,160
Gigabyte GAMING OC,979.99,Radeon RX 7900 XTX,24.0,2300.0,2525.0,331.0,AMD,RX 7900-XTX,3,256.0,355
Asus DUAL OC,319.99,GeForce RTX 4060,8.0,1830.0,2535.0,227.0,Nvidia,RTX 4060,39,122.0,115
PowerColor Hellhound Spectral,579.99,Radeon RX 7800 XT,16.0,1295.0,2520.0,322.0,AMD,RX 7800-XT,13,190.0,270
NVIDIA Founders Edition,1247.0,GeForce RTX 3080 Ti,12.0,1370.0,1670.0,285.0,Nvidia,RTX 3080-Ti,10,204.0,350
Gigabyte EAGLE OC,487.98,GeForce RTX 3070,8.0,1500.0,1770.0,282.0,Nvidia,RTX 3070,25,148.0,220
XFX Speedster QICK 308 Black,269.99,Radeon RX 7600,8.0,1875.0,2755.0,272.0,AMD,RX 7600,45,115.0,165
Asus DUAL OC,409.99,GeForce RTX 4060 Ti,8.0,2310.0,2595.0,227.0,Nvidia,RTX 4060-Ti,26,145.0,160
Asus DUAL OC,589.53,GeForce RTX 3060 Ti,8.0,1410.0,1710.0,230.0,Nvidia,RTX 3060-Ti,34,128.0,200
Asus DUAL OC,239.99,GeForce RTX 3050 8GB,8.0,1550.0,1852.0,200.0,Nvidia,RTX 3050,92,74.8,130
MSI VENTUS 3X OC,789.99,GeForce RTX 4070 Ti,12.0,2310.0,2655.0,308.0,Nvidia,RTX 4070-Ti,4,240.0,285
Gigabyte WINDFORCE OC,599.99,GeForce RTX 4070 SUPER,12.0,1980.0,2505.0,261.0,Nvidia,RTX 4070,14,190.0,200
PowerColor Fighter OC,509.99,Radeon RX 7800 XT,16.0,1295.0,2475.0,290.0,AMD,RX 7800-XT,13,190.0,270
XFX Speedster QICK 319 BLACK,439.99,Radeon RX 7700 XT,12.0,1700.0,2599.0,335.0,AMD,RX 7700-XT,19,170.0,245
Asus DUAL V2,229.99,Radeon RX 6600,8.0,1626.0,2491.0,243.0,AMD,RX 6600,78,86.2,132
XFX Speedster MERC 319,599.99,Radeon RX 6950 XT,16.0,2009.0,2368.0,340.0,AMD,RX 6950-XT,11,199.0,335
MSI GAMING X SLIM,2069.99,GeForce RTX 4090,24.0,2235.0,2610.0,322.0,Nvidia,RTX 4090,1,370.0,450
MSI VENTUS 3X OC,479.99,GeForce RTX 4060 Ti,16.0,2310.0,2625.0,308.0,Nvidia,RTX 4060-Ti,26,145.0,160
MSI VENTUS 2X OC,749.99,GeForce RTX 4070 Ti,12.0,2310.0,2655.0,242.0,Nvidia,RTX 4070-Ti,4,240.0,285
Gigabyte GAMING OC,1572.86,GeForce RTX 4080,16.0,2205.0,2535.0,342.0,Nvidia,RTX 4080,2,290.0,320
Gigabyte GAMING OC,859.99,GeForce RTX 4070 Ti,12.0,2310.0,2640.0,336.0,Nvidia,RTX 4070-Ti,4,240.0,285
MSI GAMING X TRIO,978.09,GeForce RTX 4070 Ti,12.0,2310.0,2760.0,337.0,Nvidia,RTX 4070-Ti,4,240.0,285
Zotac AMP Extreme Holo,449.99,GeForce RTX 3070 Ti,8.0,1575.0,1890.0,356.0,Nvidia,RTX 3070-Ti,23,158.0,290
ASRock Radeon RX6700XT CLP 12GO,344.99,Radeon RX 6700 XT,12.0,2375.0,2620.0,303.0,AMD,RX 6700-XT,40,122.0,230
Asus TUF Gaming OG OC,2387.87,GeForce RTX 4090,24.0,2235.0,2595.0,326.0,Nvidia,RTX 4090,1,370.0,450
MSI GAMING TRIO CLASSIC,1099.99,Radeon RX 7900 XTX,24.0,2300.0,2500.0,325.0,AMD,RX 7900-XTX,3,256.0,355
Zotac GAMING SOLO,299.99,GeForce RTX 4060,8.0,1830.0,2460.0,163.0,Nvidia,RTX 4060,39,122.0,115
ASRock Phantom Gaming OC,719.99,Radeon RX 7900 XT,20.0,2000.0,2450.0,330.0,AMD,RX 7900-XT,6,220.0,300
EVGA FTW3 ULTRA GAMING,1597.0,GeForce RTX 3090,24.0,1395.0,1800.0,300.0,Nvidia,RTX 3090,8,210.0,350
ASRock Steel Legend OC,549.99,Radeon RX 7800 XT,16.0,1295.0,2520.0,304.0,AMD,RX 7800-XT,13,190.0,270
PowerColor Red Devil,1029.99,Radeon RX 7900 XTX,24.0,2300.0,2565.0,338.0,AMD,RX 7900-XTX,3,256.0,355
Sapphire PURE,479.99,Radeon RX 7700 XT,12.0,1700.0,2584.0,320.0,AMD,RX 7700-XT,19,170.0,245
Asus ROG STRIX OC EVA-02,3619.41,GeForce RTX 4090,24.0,2235.0,2640.0,358.0,Nvidia,RTX 4090,1,370.0,450
PowerColor Red Devil OC,719.95,Radeon RX 6800 XT,16.0,1825.0,2340.0,320.0,AMD,RX 6800-XT,18,171.0,300
Gigabyte GAMING OC,609.99,GeForce RTX 4070,12.0,1920.0,2565.0,300.0,Nvidia,RTX 4070,14,190.0,200
Gigabyte WINDFORCE OC,401.7,GeForce RTX 3060 12GB,12.0,1320.0,1792.0,198.0,Nvidia,RTX 3060,59,100.0,170
Asus ProArt OC,824.99,GeForce RTX 4070 Ti,12.0,2310.0,2760.0,300.0,Nvidia,RTX 4070-Ti,4,240.0,285
MSI VENTUS 2X OC,554.99,GeForce RTX 4070,12.0,1920.0,2520.0,242.0,Nvidia,RTX 4070,14,190.0,200
MSI GeForce RTX 2070 SUPER VENTUS GP OC,679.0,GeForce RTX 2070 SUPER,8.0,1605.0,1785.0,258.0,Nvidia,RTX 2070,55,104.0,175
EVGA FTW3 ULTRA GAMING,739.99,GeForce RTX 3070 Ti,8.0,1575.0,1860.0,300.0,Nvidia,RTX 3070-Ti,23,158.0,290
MSI GAMING X SLIM,564.99,GeForce RTX 4070,12.0,1920.0,2625.0,307.0,Nvidia,RTX 4070,14,190.0,200
Gigabyte AERO OC,1489.9,GeForce RTX 4080,16.0,2205.0,2535.0,342.0,Nvidia,RTX 4080,2,290.0,320
PowerColor Red Dragon OC,700.0,Radeon RX 6800 XT,16.0,1825.0,2310.0,310.0,AMD,RX 6800-XT,18,171.0,300
Asus TUF GAMING OC V2,419.99,GeForce RTX 3060 12GB,12.0,1320.0,1882.0,301.0,Nvidia,RTX 3060,59,100.0,170
MSI VENTUS 2X OC,744.99,GeForce RTX 4070 Ti,12.0,2310.0,2655.0,242.0,Nvidia,RTX 4070-Ti,4,240.0,285
PowerColor Red Devil OC,569.99,Radeon RX 7800 XT,16.0,1295.0,2565.0,332.0,AMD,RX 7800-XT,13,190.0,270
Asus ROG STRIX OC,389.0,GeForce RTX 4060,8.0,1830.0,2700.0,311.0,Nvidia,RTX 4060,39,122.0,115
Asus DUAL Advanced,449.99,GeForce RTX 4060 Ti,16.0,2310.0,2580.0,227.0,Nvidia,RTX 4060-Ti,26,145.0,160
Sapphire PULSE,449.99,Radeon RX 7700 XT,12.0,1700.0,2544.0,280.0,AMD,RX 7700-XT,19,170.0,245
Asus DUAL OC V2,279.99,Radeon RX 7600,8.0,1720.0,2715.0,245.0,AMD,RX 7600,45,115.0,165
ASRock Phantom Gaming D OC,139.99,Radeon RX 6500 XT,4.0,2365.0,2820.0,240.0,AMD,RX 6500-XT,123,50.3,107
XFX Speedster MERC 310,799.99,Radeon RX 7900 XT,20.0,2000.0,2535.0,344.0,AMD,RX 7900-XT,6,220.0,300
NVIDIA Founders Edition,589.0,GeForce RTX 2060 SUPER,8.0,1470.0,1650.0,229.0,Nvidia,RTX 2060,72,89.8,160
PNY VERTO,1844.0,GeForce RTX 4090,24.0,2235.0,2520.0,337.0,Nvidia,RTX 4090,1,370.0,450
NVIDIA Founders Edition,1699.99,GeForce RTX 3090 Ti,24.0,1560.0,1860.0,313.0,Nvidia,RTX 3090-Ti,5,232.0,450
PNY XLR8 Gaming VERTO EPIC-X RGB,1199.0,GeForce RTX 4080,16.0,2205.0,2505.0,332.0,Nvidia,RTX 4080,2,290.0,320
Gigabyte OC Low Profile,324.99,GeForce RTX 4060,8.0,1830.0,2475.0,182.0,Nvidia,RTX 4060,39,122.0,115
ASRock Steel Legend OC,449.99,Radeon RX 7700 XT,12.0,1700.0,2599.0,304.0,AMD,RX 7700-XT,19,170.0,245
MSI SUPRIM X,1639.9,GeForce RTX 4080,16.0,2205.0,2640.0,336.0,Nvidia,RTX 4080,2,290.0,320
MSI GAMING X,409.93,GeForce RTX 4060,8.0,1830.0,2610.0,247.0,Nvidia,RTX 4060,39,122.0,115
Zotac Twin Edge OC,559.99,GeForce RTX 4070,12.0,1920.0,2490.0,226.0,Nvidia,RTX 4070,14,190.0,200
MSI GAMING X,436.15,Radeon RX 6650 XT,8.0,2055.0,2694.0,278.0,AMD,RX 6650-XT,50,110.0,180
ASRock Steel Legend OC,289.99,Radeon RX 7600,8.0,1720.0,2725.0,303.0,AMD,RX 7600,45,115.0,165
Asus TUF GAMING OC V2,719.99,GeForce RTX 3070 Ti,8.0,1575.0,1815.0,300.0,Nvidia,RTX 3070-Ti,23,158.0,290
Zotac GAMING Twin Edge,399.99,GeForce RTX 4060 Ti,8.0,2310.0,2535.0,226.0,Nvidia,RTX 4060-Ti,26,145.0,160
Asus ProArt OC,509.99,GeForce RTX 4060 Ti,16.0,2310.0,2685.0,300.0,Nvidia,RTX 4060-Ti,26,145.0,160
Gigabyte GAMING OC,549.9,GeForce RTX 3060 Ti,8.0,1410.0,1740.0,282.0,Nvidia,RTX 3060-Ti,34,128.0,200
Gigabyte WINDFORCE OC 3X,600.0,GeForce RTX 2070 SUPER,8.0,1605.0,1785.0,280.0,Nvidia,RTX 2070,55,104.0,175
MSI VENTUS 3X E OC,779.99,GeForce RTX 4070 Ti,12.0,2310.0,2655.0,308.0,Nvidia,RTX 4070-Ti,4,240.0,285
MSI VENTUS 2X OC,289.18,GeForce RTX 3060 8GB,8.0,1320.0,1807.0,235.0,Nvidia,RTX 3060,59,100.0,170
Asus DUAL OC,609.99,GeForce RTX 4070 SUPER,12.0,1980.0,2550.0,267.0,Nvidia,RTX 4070,14,190.0,200
Asus STRIX GAMING OC,1456.12,GeForce RTX 3090,24.0,1395.0,1890.0,318.0,Nvidia,RTX 3090,8,210.0,350
Asus DUAL OC,499.0,GeForce RTX 4060 Ti,16.0,2310.0,2625.0,227.0,Nvidia,RTX 4060-Ti,26,145.0,160
Asus ROG STRIX GAMING,2589.37,GeForce RTX 4090,24.0,2235.0,2550.0,358.0,Nvidia,RTX 4090,1,370.0,450
ASRock Phantom Gaming OC,679.99,Radeon RX 7800 XT,16.0,1295.0,2565.0,328.0,AMD,RX 7800-XT,13,190.0,270
PNY VERTO,1272.0,GeForce RTX 4080,16.0,2205.0,2505.0,332.0,Nvidia,RTX 4080,2,290.0,320
Asus ROG STRIX GAMING OC,699.99,GeForce RTX 4070,12.0,1920.0,2640.0,339.0,Nvidia,RTX 4070,14,190.0,200
Zotac GAMING Twin Edge,359.2,GeForce RTX 3060 12GB,12.0,1320.0,1777.0,224.0,Nvidia,RTX 3060,59,100.0,170
Gigabyte EAGLE OC,1501.2,GeForce RTX 4080,16.0,2205.0,2520.0,342.0,Nvidia,RTX 4080,2,290.0,320
XFX Speedster SWFT 319,528.41,Radeon RX 6800 XT,16.0,1825.0,2250.0,340.0,AMD,RX 6800-XT,18,171.0,300
PNY VERTO,744.99,GeForce RTX 4070 Ti,12.0,2310.0,2610.0,305.0,Nvidia,RTX 4070-Ti,4,240.0,285
Zotac GAMING Twin Edge OC,549.99,GeForce RTX 4070,12.0,1920.0,2490.0,226.0,Nvidia,RTX 4070,14,190.0,200
Asus TUF GAMING OC V2,929.0,GeForce RTX 3080 10GB LHR,10.0,1440.0,1815.0,300.0,Nvidia,RTX 3080,16,187.0,320
PowerColor Fighter,379.99,Radeon RX 6750 XT,12.0,2150.0,2600.0,230.0,AMD,RX 6750-XT,33,130.0,250
PNY VERTO,626.16,GeForce RTX 4070,12.0,1920.0,2475.0,247.0,Nvidia,RTX 4070,14,190.0,200
Gigabyte GAMING OC D6X,539.9,GeForce RTX 3060 Ti,8.0,1410.0,1755.0,286.0,Nvidia,RTX 3060-Ti,34,128.0,200
ASRock Radeon RX6700XT PGD 12GO,339.99,Radeon RX 6700 XT,12.0,2457.0,2622.0,305.0,AMD,RX 6700-XT,40,122.0,230
XFX Speedster SWFT 319 Core,399.99,Radeon RX 6800,16.0,1700.0,2105.0,340.0,AMD,RX 6800,27,143.0,250
Zotac GAMING Trinity OC,1680.0,GeForce RTX 4080,16.0,2205.0,2520.0,356.0,Nvidia,RTX 4080,2,290.0,320
EVGA FTW3 ULTRA GAMING LE iCX3,1399.95,GeForce RTX 3080 Ti,12.0,1365.0,1800.0,300.0,Nvidia,RTX 3080-Ti,10,204.0,350
MSI RTX 3070 GAMING X TRIO,625.0,GeForce RTX 3070,8.0,1500.0,1830.0,323.0,Nvidia,RTX 3070,25,148.0,220
Asus TUF GAMING,2337.85,GeForce RTX 4090,24.0,2235.0,2550.0,348.0,Nvidia,RTX 4090,1,370.0,450
PNY VERTO,389.0,GeForce RTX 4060 Ti,8.0,2310.0,2535.0,245.0,Nvidia,RTX 4060-Ti,26,145.0,160
MSI GAMING X TRIO,419.99,Radeon RX 6750 XT,12.0,2150.0,2623.0,327.0,AMD,RX 6750-XT,33,130.0,250
PowerColor Hellhound,249.99,Radeon RX 6650 XT,8.0,2055.0,2689.0,220.0,AMD,RX 6650-XT,50,110.0,180
MSI MECH 2X CLASSIC OC,269.99,Radeon RX 7600,8.0,1720.0,2695.0,235.0,AMD,RX 7600,45,115.0,165
PowerColor Fighter,369.99,Radeon RX 6600 XT,8.0,1968.0,2589.0,200.0,AMD,RX 6600-XT,54,107.0,160
MSI GAMING X SLIM,649.99,GeForce RTX 4070 SUPER,12.0,1980.0,2655.0,307.0,Nvidia,RTX 4070,14,190.0,200
Asus TUF GAMING OC,689.99,GeForce RTX 4070 SUPER,12.0,1980.0,2595.0,301.0,Nvidia,RTX 4070,14,190.0,200
Asus ROG STRIX GAMING,889.99,GeForce RTX 4070 Ti,12.0,2310.0,2640.0,336.0,Nvidia,RTX 4070-Ti,4,240.0,285
Gigabyte WINDFORCE 2X OC,549.99,GeForce RTX 4070,12.0,2475.0,2490.0,201.0,Nvidia,RTX 4070,14,190.0,200
Asus DUAL,309.0,Radeon RX 6600,8.0,1626.0,2491.0,243.0,AMD,RX 6600,78,86.2,132
Zotac GAMING Trinity,744.99,GeForce RTX 4070 Ti,12.0,2310.0,2610.0,307.0,Nvidia,RTX 4070-Ti,4,240.0,285
ASRock Taichi OC,1212.42,Radeon RX 7900 XTX,24.0,2300.0,2680.0,345.0,AMD,RX 7900-XTX,3,256.0,355
Asus STRIX GAMING OC,1050.0,GeForce RTX 2080 Ti,11.0,1350.0,1665.0,305.0,Nvidia,RTX 2080-Ti,24,156.0,250
MSI GAMING X SLIM,509.0,GeForce RTX 4060 Ti,16.0,2310.0,2685.0,307.0,Nvidia,RTX 4060-Ti,26,145.0,160
Asus ROG STRIX GAMING OC,569.99,GeForce RTX 4060 Ti,16.0,2310.0,2745.0,311.0,Nvidia,RTX 4060-Ti,26,145.0,160
Gigabyte EAGLE OC,619.99,GeForce RTX 4070,12.0,1920.0,2505.0,261.0,Nvidia,RTX 4070,14,190.0,200
EVGA XC3 ULTRA GAMING,799.0,GeForce RTX 3070,8.0,1500.0,1770.0,285.0,Nvidia,RTX 3070,25,148.0,220
Zotac GAMING Trinity OC,2237.32,GeForce RTX 4090,24.0,2235.0,2535.0,356.0,Nvidia,RTX 4090,1,370.0,450
Asus DUAL OC,587.45,Radeon RX 6750 XT,12.0,2150.0,2618.0,295.0,AMD,RX 6750-XT,33,130.0,250
Asus DUAL EVO OC,399.0,GeForce RTX 2060,6.0,1365.0,1785.0,242.0,Nvidia,RTX 2060,72,89.8,160
Palit Dual,720.97,GeForce RTX 4070,12.0,1920.0,2475.0,269.0,Nvidia,RTX 4070,14,190.0,200
Asus TUF GAMING OC,222.95,Radeon RX 6500 XT,4.0,2310.0,2825.0,250.0,AMD,RX 6500-XT,123,50.3,107
Asus ProArt,789.99,GeForce RTX 4070 Ti,12.0,2310.0,2640.0,300.0,Nvidia,RTX 4070-Ti,4,240.0,285
Asus TUF GAMING OC,439.99,GeForce RTX 4060 Ti,8.0,2310.0,2655.0,300.0,Nvidia,RTX 4060-Ti,26,145.0,160
Asus ROG STRIX LC GAMING OC,3879.99,GeForce RTX 4090,24.0,2235.0,2640.0,293.0,Nvidia,RTX 4090,1,370.0,450
Sparkle TITAN OC,319.99,Arc A770,16.0,2100.0,2300.0,306.0,Intel,Arc A770,51,110.0,225
EVGA SC GAMING,289.0,GeForce RTX 2060,6.0,1365.0,1710.0,190.0,Nvidia,RTX 2060,72,89.8,160
Gigabyte GAMING OC V2,794.99,GeForce RTX 4070 Ti,12.0,2310.0,2640.0,300.0,Nvidia,RTX 4070-Ti,4,240.0,285
MSI VENTUS 2X E OC,631.73,GeForce RTX 4070,12.0,1920.0,2520.0,245.0,Nvidia,RTX 4070,14,190.0,200
Asus Phoenix GeForce RTX 3060 V2,299.99,GeForce RTX 3060 12GB,12.0,1320.0,1807.0,177.0,Nvidia,RTX 3060,59,100.0,170
Gigabyte GAMING OC,769.0,GeForce RTX 3070 Ti,8.0,1575.0,1830.0,320.0,Nvidia,RTX 3070-Ti,23,158.0,290
NVIDIA Founders Edition,529.99,GeForce RTX 2070 SUPER,8.0,1605.0,1770.0,267.0,Nvidia,RTX 2070,55,104.0,175
PNY XLR8 Gaming VERTO EPIC-X RGB,799.99,GeForce RTX 4070 Ti,12.0,2310.0,2610.0,332.0,Nvidia,RTX 4070-Ti,4,240.0,285
Gigabyte Vision OC,555.0,GeForce RTX 3070,8.0,1500.0,1815.0,286.0,Nvidia,RTX 3070,25,148.0,220
MSI GAMING X SLIM,1102.99,GeForce RTX 4070 Ti,12.0,2310.0,2745.0,307.0,Nvidia,RTX 4070-Ti,4,240.0,285
PNY VERTO,299.99,GeForce RTX 4060,8.0,1830.0,2460.0,210.0,Nvidia,RTX 4060,39,122.0,115
Sapphire NITRO+,999.99,Radeon RX 7900 XT,20.0,2000.0,2560.0,320.0,AMD,RX 7900-XT,6,220.0,300
EVGA KO ULTRA GAMING,345.89,GeForce RTX 2060,6.0,1365.0,1755.0,202.0,Nvidia,RTX 2060,72,89.8,160
Gigabyte WINDFORCE OC,389.99,GeForce RTX 4060 Ti,8.0,2310.0,2550.0,201.0,Nvidia,RTX 4060-Ti,26,145.0,160
MSI GeForce RTX 3060 Gaming X12G,599.0,GeForce RTX 3060 12GB,12.0,1320.0,1837.0,276.0,Nvidia,RTX 3060,59,100.0,170
Asus ROG STRIX GAMING OC,1999.99,GeForce RTX 4080 SUPER,16.0,2210.0,2670.0,358.0,Nvidia,RTX 4080,2,290.0,320
MSI VENTUS 2X OC,609.99,GeForce RTX 4070 SUPER,12.0,1980.0,2520.0,242.0,Nvidia,RTX 4070,14,190.0,200
Zotac GAMING Trinity,1439.9,GeForce RTX 4080,16.0,2205.0,2505.0,356.0,Nvidia,RTX 4080,2,290.0,320
Gigabyte VISION OC Rev 2.0,459.99,GeForce RTX 3060 12GB,12.0,1320.0,1837.0,280.0,Nvidia,RTX 3060,59,100.0,170
Asus Phoenix,229.99,GeForce RTX 3050 8GB,8.0,1550.0,1807.0,177.0,Nvidia,RTX 3050,92,74.8,130
Zotac Twin Edge,599.99,GeForce RTX 4070 SUPER,12.0,1980.0,2475.0,234.0,Nvidia,RTX 4070,14,190.0,200
Asus TUF GAMING OC,589.0,GeForce RTX 3070,8.0,1500.0,1845.0,300.0,Nvidia,RTX 3070,25,148.0,220
MSI VENTUS 3X OC,779.0,GeForce RTX 3070 Ti,8.0,1575.0,1800.0,316.0,Nvidia,RTX 3070-Ti,23,158.0,290
Asus TUF GAMING OC,1697.6,GeForce RTX 3080 Ti,12.0,1365.0,1695.0,300.0,Nvidia,RTX 3080-Ti,10,204.0,350
Asus DUAL OC,388.48,GeForce RTX 3060 8GB,8.0,1320.0,1867.0,200.0,Nvidia,RTX 3060,59,100.0,170
Asus Noctua OC,2498.0,GeForce RTX 4080,16.0,2205.0,2625.0,310.0,Nvidia,RTX 4080,2,290.0,320
PNY XLR8 Gaming VERTO EPIC-X RGB OC,749.99,GeForce RTX 4070 Ti,12.0,2310.0,2670.0,332.0,Nvidia,RTX 4070-Ti,4,240.0,285
MSI VENTUS 3X E OC,2298.73,GeForce RTX 4090,24.0,2235.0,2565.0,322.0,Nvidia,RTX 4090,1,370.0,450
Asus ROG STRIX GAMING OC,1345.0,GeForce RTX 3080 Ti,12.0,1365.0,1845.0,318.0,Nvidia,RTX 3080-Ti,10,204.0,350
PNY XLR8 Gaming VERTO EPIC-X RGB,1849.0,GeForce RTX 4090,24.0,2230.0,2520.0,332.0,Nvidia,RTX 4090,1,370.0,450
Acer Predator BiFrost OC,259.99,Radeon RX 7600,8.0,1720.0,2725.0,267.0,AMD,RX 7600,45,115.0,165
Gigabyte AERO OC,1069.9,GeForce RTX 4070 Ti,12.0,2310.0,2640.0,336.0,Nvidia,RTX 4070-Ti,4,240.0,285
Sparkle ORC OC,179.99,Arc A580,8.0,1700.0,2000.0,222.0,Intel,Arc A580,101,67.2,165
Asus ProArt OC,689.99,GeForce RTX 4070,12.0,1920.0,2565.0,300.0,Nvidia,RTX 4070,14,190.0,200
Asus TUF GAMING OC,469.99,Radeon RX 7700 XT,12.0,1700.0,2599.0,320.0,AMD,RX 7700-XT,19,170.0,245
MSI GeForce RTX 3090 TI GAMING X TRIO 24G,2832.94,GeForce RTX 3090 Ti,24.0,1560.0,1920.0,325.0,Nvidia,RTX 3090-Ti,5,232.0,450
EVGA FTW3 ULTRA GAMING,712.76,GeForce RTX 3070,8.0,1500.0,1815.0,300.0,Nvidia,RTX 3070,25,148.0,220
EVGA BLACK GAMING,1213.99,GeForce RTX 2080 SUPER,8.0,1650.0,1815.0,270.0,Nvidia,RTX 2080,37,124.0,215
Sapphire PULSE,184.1,Radeon RX 6500 XT,4.0,2310.0,2825.0,194.0,AMD,RX 6500-XT,123,50.3,107
Zotac GAMING Twin Edge OC,649.9,GeForce RTX 3070,8.0,1500.0,1755.0,232.0,Nvidia,RTX 3070,25,148.0,220
MSI GAMING X,529.99,GeForce RTX 4060 Ti,16.0,2310.0,2655.0,247.0,Nvidia,RTX 4060-Ti,26,145.0,160
Zotac Twin Edge OC,499.0,GeForce RTX 3060 Ti,8.0,1410.0,1695.0,222.0,Nvidia,RTX 3060-Ti,34,128.0,200
MSI GAMING X SLIM,1341.0,GeForce RTX 4070,12.0,1920.0,2625.0,307.0,Nvidia,RTX 4070,14,190.0,200
PNY XLR8 Gaming VERTO EPIC-X RGB OC,2198.0,GeForce RTX 4090,24.0,2230.0,2565.0,332.0,Nvidia,RTX 4090,1,370.0,450
Asus ROG STRIX GAMING,1499.99,GeForce RTX 4080,16.0,2205.0,2535.0,358.0,Nvidia,RTX 4080,2,290.0,320
ASRock Challenger OC,299.99,Arc A770,16.0,2100.0,2150.0,271.0,Intel,Arc A770,51,110.0,225
PNY VERTO,449.99,GeForce RTX 4060 Ti,16.0,2310.0,2535.0,245.0,Nvidia,RTX 4060-Ti,26,145.0,160
Asus TUF GAMING,629.99,GeForce RTX 4070,12.0,2475.0,2505.0,301.0,Nvidia,RTX 4070,14,190.0,200
MSI Radeon RX 6600 MECH 2X 8G,394.64,Radeon RX 6600,8.0,1626.0,2491.0,235.0,AMD,RX 6600,78,86.2,132
PowerColor Red Devil,565.09,Radeon RX 6700 XT,12.0,2321.0,2622.0,320.0,AMD,RX 6700-XT,40,122.0,230
MSI GAMING X TRIO,1365.99,GeForce RTX 3080 Ti,12.0,1365.0,1770.0,324.0,Nvidia,RTX 3080-Ti,10,204.0,350
ASRock Challenger D OC,375.99,Radeon RX 6700 XT,12.0,2330.0,2615.0,269.0,AMD,RX 6700-XT,40,122.0,230
Gigabyte EAGLE OC Rev 2.0,876.64,GeForce RTX 4070 Ti,12.0,2310.0,2625.0,261.0,Nvidia,RTX 4070-Ti,4,240.0,285
Gigabyte WINDFORCE V2,2328.95,GeForce RTX 4090,24.0,2235.0,2520.0,331.0,Nvidia,RTX 4090,1,370.0,450
Zotac GAMING Trinity OC,1399.0,GeForce RTX 4080,16.0,2205.0,2520.0,356.0,Nvidia,RTX 4080,2,290.0,320
EVGA XC GAMING,745.0,GeForce RTX 3060 Ti,8.0,1410.0,1710.0,202.0,Nvidia,RTX 3060-Ti,34,128.0,200
MSI GAMING X TRIO,1665.99,GeForce RTX 4080,16.0,2205.0,2610.0,337.0,Nvidia,RTX 4080,2,290.0,320
Asus STRIX GAMING,689.99,GeForce RTX 4070,12.0,2475.0,2505.0,339.0,Nvidia,RTX 4070,14,190.0,200
MSI SUPRIM X,929.0,GeForce RTX 4070 Ti,12.0,2310.0,2790.0,338.0,Nvidia,RTX 4070-Ti,4,240.0,285
Inno3D Twin X2,352.52,GeForce RTX 3060 12GB,12.0,1320.0,1777.0,240.0,Nvidia,RTX 3060,59,100.0,170
NVIDIA Founders Edition,1197.0,GeForce RTX 2080 Ti,11.0,1350.0,1635.0,267.0,Nvidia,RTX 2080-Ti,24,156.0,250
MSI VENTUS 3X OC,451.12,GeForce RTX 3060 Ti LHR,8.0,1410.0,1695.0,316.0,Nvidia,RTX 3060-Ti,34,128.0,200
Inno3D X3,1604.39,GeForce RTX 4080,16.0,2205.0,2535.0,328.0,Nvidia,RTX 4080,2,290.0,320
MSI GAMING X TRIO,685.66,GeForce RTX 3070 Ti,8.0,1575.0,1830.0,323.0,Nvidia,RTX 3070-Ti,23,158.0,290
Gigabyte EAGLE,174.99,Radeon RX 6500 XT,4.0,2310.0,2815.0,192.0,AMD,RX 6500-XT,123,50.3,107
NVIDIA Founders Edition,890.0,GeForce RTX 2080,8.0,1515.0,1800.0,267.0,Nvidia,RTX 2080,37,124.0,215
ASRock Challenger OC,378.99,Radeon RX 7600,8.0,1720.0,2695.0,269.0,AMD,RX 7600,45,115.0,165
Zotac GAMING Twin Edge OC,429.99,GeForce RTX 4060 Ti,8.0,2310.0,2565.0,226.0,Nvidia,RTX 4060-Ti,26,145.0,160
Asus ProArt OC,364.99,GeForce RTX 4060,8.0,1830.0,2580.0,300.0,Nvidia,RTX 4060,39,122.0,115
XFX Speedster MERC 319 Black,799.99,Radeon RX 6900 XT,16.0,1950.0,2365.0,340.0,AMD,RX 6900-XT,12,195.0,300
Asus DUAL OC,509.99,Radeon RX 7800 XT,16.0,1295.0,2520.0,280.0,AMD,RX 7800-XT,13,190.0,270
Gigabyte AORUS MASTER,794.73,GeForce RTX 3070,8.0,1500.0,1845.0,290.0,Nvidia,RTX 3070,25,148.0,220
Asus ROG STRIX WHITE OC,1750.0,GeForce RTX 3090,24.0,1395.0,1890.0,318.0,Nvidia,RTX 3090,8,210.0,350
PowerColor Hellhound,379.9,Radeon RX 6600 XT,8.0,1968.0,2593.0,220.0,AMD,RX 6600-XT,54,107.0,160
Asus ROG STRIX GAMING OC,759.99,GeForce RTX 4070 SUPER,12.0,1980.0,2670.0,339.0,Nvidia,RTX 4070,14,190.0,200
EVGA XC3 ULTRA GAMING,998.0,GeForce RTX 3080 10GB,10.0,1440.0,1755.0,285.0,Nvidia,RTX 3080,16,187.0,320
Zotac Twin Edge OC,309.99,GeForce RTX 4060,8.0,1830.0,2475.0,221.0,Nvidia,RTX 4060,39,122.0,115
EVGA FTW3 ULTRA GAMING,2159.0,GeForce RTX 3090 Ti,24.0,1560.0,1920.0,300.0,Nvidia,RTX 3090-Ti,5,232.0,450
PowerColor Red Devil OC,451.05,Radeon RX 6750 XT,12.0,2593.0,2713.0,320.0,AMD,RX 6750-XT,33,130.0,250
Gigabyte WINDFORCE,2699.0,GeForce RTX 4090,24.0,2235.0,2520.0,331.0,Nvidia,RTX 4090,1,370.0,450
MSI VENTUS 2X OC,692.0,GeForce RTX 3070,8.0,1500.0,1755.0,232.0,Nvidia,RTX 3070,25,148.0,220
PNY XLR8 Gaming VERTO EPIC-X RGB,579.99,GeForce RTX 4070,12.0,1920.0,2475.0,305.0,Nvidia,RTX 4070,14,190.0,200
XFX Speedster SWFT 210,399.99,Radeon RX 6600 XT,8.0,2092.0,2589.0,241.0,AMD,RX 6600-XT,54,107.0,160
PowerColor Hellhound OC,469.99,Radeon RX 7700 XT,12.0,1700.0,2599.0,332.0,AMD,RX 7700-XT,19,170.0,245
ASRock Phantom Gaming OC,289.99,Radeon RX 7600,8.0,1720.0,2755.0,305.0,AMD,RX 7600,45,115.0,165
Asus DUAL OC,629.99,GeForce RTX 4070 SUPER,12.0,1980.0,2550.0,267.0,Nvidia,RTX 4070,14,190.0,200
Gigabyte Vision OC,999.99,GeForce RTX 3070 Ti,8.0,1575.0,1830.0,320.0,Nvidia,RTX 3070-Ti,23,158.0,290
Gigabyte AORUS MASTER,1149.95,GeForce RTX 3080 Ti,12.0,1365.0,1770.0,320.0,Nvidia,RTX 3080-Ti,10,204.0,350
Gigabyte EAGLE OC,314.99,GeForce RTX 3050 8GB,8.0,1550.0,1792.0,213.0,Nvidia,RTX 3050,92,74.8,130
Zotac GAMING AMP Extreme AIRO,2315.48,GeForce RTX 4090,24.0,2235.0,2580.0,356.0,Nvidia,RTX 4090,1,370.0,450
MSI VENTUS 3X E OC,716.45,GeForce RTX 4070,12.0,1920.0,2520.0,308.0,Nvidia,RTX 4070,14,190.0,200
Asus ROG STRIX GAMING OC V2,1029.0,GeForce RTX 3080 10GB LHR,10.0,1440.0,1935.0,318.0,Nvidia,RTX 3080,16,187.0,320
Zotac GAMING AMP Spider-Man: Across the Spider-Verse,748.0,GeForce RTX 4060 Ti,16.0,2310.0,2595.0,226.0,Nvidia,RTX 4060-Ti,26,145.0,160
PowerColor Fighter,269.99,Radeon RX 7600,8.0,1720.0,2655.0,212.0,AMD,RX 7600,45,115.0,165
MSI GeForce RTX 3070 VENTUS 3X OC,749.9,GeForce RTX 3070,8.0,1500.0,1755.0,305.0,Nvidia,RTX 3070,25,148.0,220
Asus ROG STRIX GAMING OC V2,624.99,GeForce RTX 3060 12GB,12.0,1320.0,1912.0,300.0,Nvidia,RTX 3060,59,100.0,170
PowerColor Fighter OC,449.99,Radeon RX 7700 XT,12.0,1700.0,2584.0,290.0,AMD,RX 7700-XT,19,170.0,245
Zotac GAMING Twin Edge OC,299.95,GeForce RTX 3050 8GB,8.0,1550.0,1807.0,224.0,Nvidia,RTX 3050,92,74.8,130
ASRock Radeon RX 7900 XT 20GB,929.99,Radeon RX 7900 XT,20.0,2000.0,2400.0,276.0,AMD,RX 7900-XT,6,220.0,300
Gigabyte WINDFORCE,1646.89,GeForce RTX 4080,16.0,2205.0,2505.0,330.0,Nvidia,RTX 4080,2,290.0,320
Gigabyte WINDFORCE OC,937.0,GeForce RTX 3060 Ti LHR,8.0,1665.0,1680.0,198.0,Nvidia,RTX 3060-Ti,34,128.0,200
Asus DUAL OC,229.99,Radeon RX 6500 XT,4.0,2310.0,2820.0,201.0,AMD,RX 6500-XT,123,50.3,107
ASRock Phantom Gaming D OC,259.99,Radeon RX 6650 XT,8.0,2055.0,2694.0,305.0,AMD,RX 6650-XT,50,110.0,180
Gigabyte AORUS MASTER,979.94,GeForce RTX 3070 Ti,8.0,1575.0,1875.0,324.0,Nvidia,RTX 3070-Ti,23,158.0,290
PowerColor RX 7900 XT 20G,1198.0,Radeon RX 7900 XT,20.0,2000.0,2400.0,276.0,AMD,RX 7900-XT,6,220.0,300
Inno3D Twin X2,739.99,GeForce RTX 4070,12.0,1920.0,2475.0,250.0,Nvidia,RTX 4070,14,190.0,200
PNY XLR8 Gaming VERTO EPIC-X RGB,329.99,GeForce RTX 4060,8.0,1830.0,2460.0,260.0,Nvidia,RTX 4060,39,122.0,115
Asus TUF GAMING,649.0,GeForce RTX 3070 Ti,8.0,1575.0,1800.0,300.0,Nvidia,RTX 3070-Ti,23,158.0,290
Zotac GAMING Trinity OC,1159.99,GeForce RTX 3080 10GB,10.0,1440.0,1725.0,318.0,Nvidia,RTX 3080,16,187.0,320
Zotac GAMING AMP Holo,1399.99,GeForce RTX 3080 Ti,12.0,1365.0,1710.0,318.0,Nvidia,RTX 3080-Ti,10,204.0,350
MSI GAMING Z TRIO,767.7,GeForce RTX 3080 12GB LHR,12.0,1260.0,1815.0,323.0,Nvidia,RTX 3080,16,187.0,320
MSI VENTUS 2X OC,619.99,GeForce RTX 4070 SUPER,12.0,1980.0,2520.0,242.0,Nvidia,RTX 4070,14,190.0,200
Asus TUF GAMING,449.99,GeForce RTX 4060 Ti,8.0,2310.0,2565.0,300.0,Nvidia,RTX 4060-Ti,26,145.0,160
MSI RTX 3090 SUPRIM X 24G,1499.0,GeForce RTX 3090,24.0,1395.0,1875.0,336.0,Nvidia,RTX 3090,8,210.0,350
PowerColor Red Devil Ultimate,1499.99,Radeon RX 6900 XT,16.0,1825.0,2425.0,320.0,AMD,RX 6900-XT,12,195.0,300
Palit Dual,391.36,GeForce RTX 4060,8.0,1830.0,2460.0,250.0,Nvidia,RTX 4060,39,122.0,115
Zotac GAMING Trinity OC,1279.9,GeForce RTX 3080 Ti,12.0,1365.0,1695.0,318.0,Nvidia,RTX 3080-Ti,10,204.0,350
Asus ROG STRIX OC,479.99,GeForce RTX 4060 Ti,8.0,2310.0,2715.0,311.0,Nvidia,RTX 4060-Ti,26,145.0,160
Asus ROG STRIX GAMING OC,739.0,GeForce RTX 3070,8.0,1500.0,1905.0,318.0,Nvidia,RTX 3070,25,148.0,220
Zotac GAMING Trinity,2359.98,GeForce RTX 4090,24.0,2235.0,2520.0,356.0,Nvidia,RTX 4090,1,370.0,450
Gigabyte GAMING OC,329.99,Radeon RX 6500 XT,4.0,2310.0,2825.0,282.0,AMD,RX 6500-XT,123,50.3,107
MSI VENTUS 3X 8GD6X OC,647.53,GeForce RTX 3060 Ti,8.0,1410.0,1695.0,305.0,Nvidia,RTX 3060-Ti,34,128.0,200
XFX Speedster QICK 308 Black,424.92,Radeon RX 6600 XT,8.0,2188.0,2607.0,274.0,AMD,RX 6600-XT,54,107.0,160
Zotac GAMING Trinity OC,1699.99,GeForce RTX 3090,24.0,1395.0,1710.0,318.0,Nvidia,RTX 3090,8,210.0,350
Asus ROG STRIX GAMING,1829.0,GeForce RTX 4080,16.0,2205.0,2535.0,358.0,Nvidia,RTX 4080,2,290.0,320
EVGA FTW3 ULTRA GAMING,1199.99,GeForce RTX 3080 12GB LHR,12.0,1260.0,1800.0,300.0,Nvidia,RTX 3080,16,187.0,320
Gigabyte EAGLE OC,712.06,GeForce RTX 3060 Ti,8.0,1665.0,1680.0,282.0,Nvidia,RTX 3060-Ti,34,128.0,200
Inno3D Twin X2,918.0,GeForce RTX 4060 Ti,16.0,2310.0,2535.0,250.0,Nvidia,RTX 4060-Ti,26,145.0,160
MSI Radeon RX 6800 XT Gaming X Trio 16G,1179.99,Radeon RX 6800 XT,16.0,1850.0,2285.0,324.0,AMD,RX 6800-XT,18,171.0,300
Zotac GAMING Twin Edge,659.29,GeForce RTX 4060 Ti,16.0,2310.0,2535.0,226.0,Nvidia,RTX 4060-Ti,26,145.0,160
EVGA XC3 ULTRA GAMING,739.8,GeForce RTX 3070 Ti,8.0,1575.0,1815.0,285.0,Nvidia,RTX 3070-Ti,23,158.0,290
PNY XLR8 Gaming VERTO EPIC-X RGB OC,1399.0,GeForce RTX 4080,16.0,2205.0,2550.0,332.0,Nvidia,RTX 4080,2,290.0,320
MSI GAMING X,1025.78,GeForce RTX 2070 SUPER,8.0,1605.0,1800.0,297.0,Nvidia,RTX 2070,55,104.0,175
PNY VERTO,499.99,GeForce RTX 3070 Ti,8.0,1575.0,1770.0,305.0,Nvidia,RTX 3070-Ti,23,158.0,290
Asus ROG STRIX GAMING OC,449.99,Radeon RX 6600 XT,8.0,1968.0,2607.0,243.0,AMD,RX 6600-XT,54,107.0,160
NVIDIA Founders Edition,6015.9,GeForce RTX 2080 SUPER,8.0,1650.0,1815.0,267.0,Nvidia,RTX 2080,37,124.0,215
Gigabyte AORUS ELITE,530.0,GeForce RTX 3060 12GB,12.0,1320.0,1867.0,296.0,Nvidia,RTX 3060,59,100.0,170
Gigabyte GAMING OC,1499.0,GeForce RTX 3090,24.0,1395.0,1755.0,320.0,Nvidia,RTX 3090,8,210.0,350
MSI Radeon RX 6900 XT GAMING X TRIO 16G,1195.07,Radeon RX 6900 XT,16.0,1825.0,2340.0,324.0,AMD,RX 6900-XT,12,195.0,300
Palit StormX,354.58,GeForce RTX 4060,8.0,1830.0,2460.0,170.0,Nvidia,RTX 4060,39,122.0,115
EVGA FTW3 ULTRA GAMING,525.99,GeForce RTX 3060 Ti LHR,8.0,1410.0,1800.0,285.0,Nvidia,RTX 3060-Ti,34,128.0,200
Palit StormX,499.25,GeForce RTX 4060 Ti,8.0,2310.0,2535.0,170.0,Nvidia,RTX 4060-Ti,26,145.0,160
Sapphire PULSE,605.08,Radeon RX 6600 XT,8.0,1968.0,2593.0,240.0,AMD,RX 6600-XT,54,107.0,160
PowerColor Hellhound,508.6,Radeon RX 6700 XT,12.0,2321.0,2581.0,305.0,AMD,RX 6700-XT,40,122.0,230
Asus TUF Gaming OG,2499.98,GeForce RTX 4090,24.0,2235.0,2550.0,326.0,Nvidia,RTX 4090,1,370.0,450
Asus TUF-RX6800XT-O16G-GAMING,898.0,Radeon RX 6800 XT,16.0,1825.0,2340.0,320.0,AMD,RX 6800-XT,18,171.0,300
Gigabyte GAMING OC,792.24,Radeon RX 6800 XT,16.0,1825.0,2285.0,286.0,AMD,RX 6800-XT,18,171.0,300
EVGA FTW3 ULTRA GAMING,1576.99,GeForce RTX 2080 Ti,11.0,1350.0,1755.0,302.0,Nvidia,RTX 2080-Ti,24,156.0,250
EVGA XC GAMING,385.0,GeForce RTX 3050 8GB,8.0,1550.0,1845.0,202.0,Nvidia,RTX 3050,92,74.8,130
Gigabyte AORUS ELITE,629.9,GeForce RTX 3060 Ti,8.0,1410.0,1785.0,296.0,Nvidia,RTX 3060-Ti,34,128.0,200
PowerColor Hellhound,364.98,Radeon RX 6600,8.0,1626.0,2491.0,220.0,AMD,RX 6600,78,86.2,132
EVGA XC3 ULTRA GAMING iCX3,1449.0,GeForce RTX 3080 Ti,12.0,1365.0,1725.0,300.0,Nvidia,RTX 3080-Ti,10,204.0,350
PNY XLR8 Gaming VERTO EPIC-X RGB,419.99,GeForce RTX 4060 Ti,8.0,2310.0,2535.0,305.0,Nvidia,RTX 4060-Ti,26,145.0,160
Zotac GAMING AMP Extreme AIRO,1497.79,GeForce RTX 4080,16.0,2205.0,2565.0,356.0,Nvidia,RTX 4080,2,290.0,320
EVGA XC ULTRA GAMING,849.0,GeForce RTX 2080,8.0,1515.0,1815.0,270.0,Nvidia,RTX 2080,37,124.0,215
Asus DUAL OC V2,539.1,GeForce RTX 3070 LHR,8.0,1500.0,1800.0,267.0,Nvidia,RTX 3070,25,148.0,220
MSI GAMING X TRIO,635.79,GeForce RTX 2070 SUPER,8.0,1605.0,1800.0,328.0,Nvidia,RTX 2070,55,104.0,175
MSI VENTUS 3X OC,1199.99,GeForce RTX 3080 Ti,12.0,1365.0,1695.0,305.0,Nvidia,RTX 3080-Ti,10,204.0,350
AMD â€Ž100-438373,999.99,Radeon RX 6900 XT,16.0,1825.0,2250.0,267.0,AMD,RX 6900-XT,12,195.0,300
Zotac GAMING AMP Extreme AIRO,902.09,GeForce RTX 4070 Ti,12.0,2310.0,2700.0,356.0,Nvidia,RTX 4070-Ti,4,240.0,285
Inno3D Compact,357.94,GeForce RTX 4060,8.0,1830.0,2460.0,155.0,Nvidia,RTX 4060,39,122.0,115
EVGA FTW3 ULTRA GAMING iCX3,629.9,GeForce RTX 3060 Ti,8.0,1410.0,1800.0,285.0,Nvidia,RTX 3060-Ti,34,128.0,200
Zotac Trinity Black Edition,649.99,GeForce RTX 4070 SUPER,12.0,1980.0,2475.0,307.0,Nvidia,RTX 4070,14,190.0,200
MSI VENTUS 2X OCV1,627.76,GeForce RTX 3060 Ti LHR,8.0,1410.0,1695.0,235.0,Nvidia,RTX 3060-Ti,34,128.0,200
Asus DUAL OC,279.99,Radeon RX 7600,8.0,1720.0,2745.0,245.0,AMD,RX 7600,45,115.0,165
Asus ROG STRIX WHITE OC,1899.99,GeForce RTX 3080 10GB,10.0,1440.0,1935.0,318.0,Nvidia,RTX 3080,16,187.0,320
MSI GAMING Z,583.03,GeForce RTX 2060,6.0,1365.0,1830.0,247.0,Nvidia,RTX 2060,72,89.8,160
Zotac GAMING AMP,384.99,GeForce RTX 3060 Ti LHR,8.0,1410.0,1755.0,232.0,Nvidia,RTX 3060-Ti,34,128.0,200
Gigabyte AORUS ELITE,1157.99,GeForce RTX 4070 Ti,12.0,2310.0,2655.0,342.0,Nvidia,RTX 4070-Ti,4,240.0,285
Asus STRIX GAMING OC,549.0,GeForce RTX 2060,6.0,1365.0,1860.0,300.0,Nvidia,RTX 2060,72,89.8,160
MSI VENTUS 2X OC,669.0,GeForce RTX 3070 LHR,8.0,1500.0,1755.0,232.0,Nvidia,RTX 3070,25,148.0,220
Gigabyte GAMING OC,1166.69,Radeon RX 7900 XT,20.0,2000.0,2535.0,331.0,AMD,RX 7900-XT,6,220.0,300
Asus DUAL,409.99,GeForce RTX 4060 Ti,8.0,2310.0,2565.0,227.0,Nvidia,RTX 4060-Ti,26,145.0,160
Gigabyte AORUS MASTER,1445.06,GeForce RTX 4070 Ti,12.0,2310.0,2670.0,342.0,Nvidia,RTX 4070-Ti,4,240.0,285
Zotac GAMING AMP Holo,749.0,GeForce RTX 3070 Ti,8.0,1575.0,1830.0,317.0,Nvidia,RTX 3070-Ti,23,158.0,290
XFX Speedster QICK 319 BLACK,656.59,Radeon RX 6700 XT,12.0,2457.0,2622.0,323.0,AMD,RX 6700-XT,40,122.0,230
PowerColor Hellhound,289.99,Radeon RX 7600,8.0,1720.0,2655.0,234.0,AMD,RX 7600,45,115.0,165
XFX Speedster SWFT 210 Core,269.99,Radeon RX 6650 XT,8.0,2055.0,2635.0,241.0,AMD,RX 6650-XT,50,110.0,180
Zotac GAMING Twin Edge OC Spider-Man: Across the Spider-Verse,399.99,GeForce RTX 4060 Ti,8.0,2310.0,2550.0,226.0,Nvidia,RTX 4060-Ti,26,145.0,160
ASRock Phantom Gaming OC,459.99,Radeon RX 7700 XT,12.0,1700.0,2599.0,328.0,AMD,RX 7700-XT,19,170.0,245
Asus DUAL EVO,519.64,GeForce RTX 2060 12GB,12.0,1470.0,1680.0,242.0,Nvidia,RTX 2060,72,89.8,160
PNY VERTO,270.56,GeForce RTX 3050 8GB,8.0,1550.0,1777.0,228.0,Nvidia,RTX 3050,92,74.8,130
Asus ROG STRIX GAMING OC,955.0,GeForce RTX 3080 12GB LHR,12.0,1260.0,1890.0,318.0,Nvidia,RTX 3080,16,187.0,320
Sparkle ORC OC,239.99,Arc A750,8.0,2050.0,2200.0,222.0,Intel,Arc A750,58,100.0,225
PowerColor Red Devil OC,1109.99,Radeon RX 6950 XT,16.0,1890.0,2435.0,320.0,AMD,RX 6950-XT,11,199.0,335
Asus TUF GAMING OC V2,619.99,GeForce RTX 3060 Ti LHR,8.0,1410.0,1785.0,301.0,Nvidia,RTX 3060-Ti,34,128.0,200
Palit GameRock,2489.56,GeForce RTX 4090,24.0,2235.0,2520.0,329.0,Nvidia,RTX 4090,1,370.0,450
Palit JetStream,1425.55,GeForce RTX 4080,16.0,2205.0,2505.0,329.0,Nvidia,RTX 4080,2,290.0,320
Asus DUAL,359.99,Radeon RX 6650 XT,8.0,2055.0,2689.0,243.0,AMD,RX 6650-XT,50,110.0,180
PNY VERTO,339.99,GeForce RTX 3060 8GB,8.0,1320.0,1777.0,247.0,Nvidia,RTX 3060,59,100.0,170
EVGA FTW3 ULTRA GAMING iCX3,699.0,GeForce RTX 3070 LHR,8.0,1500.0,1815.0,300.0,Nvidia,RTX 3070,25,148.0,220
PNY VERTO,279.99,GeForce RTX 3060 12GB,12.0,1320.0,1777.0,247.0,Nvidia,RTX 3060,59,100.0,170
MAXSUN iCraft Limited Edition OC,969.98,GeForce RTX 4070 Ti,12.0,2310.0,2385.0,336.0,Nvidia,RTX 4070-Ti,4,240.0,285
Asus ROG STRIX GAMING OC V2,724.0,GeForce RTX 3060 Ti LHR,8.0,1410.0,1890.0,318.0,Nvidia,RTX 3060-Ti,34,128.0,200
MSI GAMING X,499.99,Radeon RX 6600 XT,8.0,1968.0,2607.0,277.0,AMD,RX 6600-XT,54,107.0,160
Asus DUAL OC,441.14,Radeon RX 6600 XT,8.0,1968.0,2607.0,243.0,AMD,RX 6600-XT,54,107.0,160
Gigabyte GAMING OC PRO,549.0,GeForce RTX 3060 Ti,8.0,1410.0,1770.0,286.0,Nvidia,RTX 3060-Ti,34,128.0,200
PowerColor Red Devil,531.28,Radeon RX 6600 XT,8.0,1968.0,2607.0,251.0,AMD,RX 6600-XT,54,107.0,160
Asus DUAL,609.99,GeForce RTX 4070,12.0,2475.0,2505.0,267.0,Nvidia,RTX 4070,14,190.0,200
Palit JetStream,983.38,GeForce RTX 4070 Ti,12.0,2310.0,2610.0,329.0,Nvidia,RTX 4070-Ti,4,240.0,285
Asus TUF GAMING OC,1159.0,GeForce RTX 3080 12GB LHR,12.0,1260.0,1815.0,300.0,Nvidia,RTX 3080,16,187.0,320
XFX Speedster MERC 319 Black,599.99,Radeon RX 6700 XT,12.0,2321.0,2622.0,323.0,AMD,RX 6700-XT,40,122.0,230
EVGA XC3 ULTRA GAMING iCX3,641.7,GeForce RTX 3070 LHR,8.0,1500.0,1770.0,285.0,Nvidia,RTX 3070,25,148.0,220
MSI VENTUS 3X OC,629.99,GeForce RTX 4070 SUPER,12.0,1980.0,2520.0,308.0,Nvidia,RTX 4070,14,190.0,200
MSI VENTUS OC,349.99,GeForce RTX 2060,6.0,1365.0,1710.0,226.0,Nvidia,RTX 2060,72,89.8,160
Asus DUAL OC,629.0,Radeon RX 6700 XT,12.0,2321.0,2622.0,295.0,AMD,RX 6700-XT,40,122.0,230
Gigabyte EAGLE OC Rev 2.0,459.99,GeForce RTX 3070 LHR,8.0,1500.0,1770.0,282.0,Nvidia,RTX 3070,25,148.0,220
Gigabyte GAMING OC,569.0,Radeon RX 6600 XT,8.0,1968.0,2593.0,282.0,AMD,RX 6600-XT,54,107.0,160
MSI GAMING X TRIO,744.74,GeForce RTX 3060 12GB,12.0,1320.0,1852.0,323.0,Nvidia,RTX 3060,59,100.0,170
PNY XLR8 Gaming VERTO EPIC-X RGB OC,629.99,GeForce RTX 4070,12.0,1920.0,2520.0,305.0,Nvidia,RTX 4070,14,190.0,200
EVGA Black,974.0,GeForce RTX 2070,8.0,1410.0,1620.0,269.0,Nvidia,RTX 2070,55,104.0,175
MSI MSI RTX 2070 Ventus 8G Video Card,629.0,GeForce RTX 2070,8.0,1410.0,1620.0,226.0,Nvidia,RTX 2070,55,104.0,175
Zotac GAMING Twin Edge OC Spider-Man: Across the Spider-Verse,649.99,GeForce RTX 4070,12.0,1920.0,2490.0,226.0,Nvidia,RTX 4070,14,190.0,200
Asus ROG STRIX OC,339.99,Radeon RX 7600,8.0,1720.0,2755.0,281.0,AMD,RX 7600,45,115.0,165
Asus DUAL OC,840.0,GeForce RTX 3060 Ti,8.0,1410.0,1740.0,269.0,Nvidia,RTX 3060-Ti,34,128.0,200
EVGA XC GAMING,498.0,GeForce RTX 2060,12.0,1365.0,1680.0,268.0,Nvidia,RTX 2060,72,89.8,160
EVGA XC3 ULTRA GAMING,1487.0,GeForce RTX 3090,24.0,1395.0,1725.0,285.0,Nvidia,RTX 3090,8,210.0,350
XFX RX-79TMBABF9,1270.99,Radeon RX 7900 XT,20.0,2000.0,2400.0,276.0,AMD,RX 7900-XT,6,220.0,300
EVGA XC BLACK GAMING,489.0,GeForce RTX 3060 12GB,12.0,1320.0,1777.0,202.0,Nvidia,RTX 3060,59,100.0,170
Zotac GAMING Trinity OC,699.99,GeForce RTX 3070 Ti,8.0,1575.0,1800.0,318.0,Nvidia,RTX 3070-Ti,23,158.0,290
MSI GAMING Z TRIO,659.0,GeForce RTX 3070 LHR,8.0,1500.0,1845.0,323.0,Nvidia,RTX 3070,25,148.0,220
Sapphire NITRO+ SE,1211.18,Radeon RX 6900 XT,16.0,1825.0,2365.0,310.0,AMD,RX 6900-XT,12,195.0,300
EVGA FTW3 GAMING,2199.0,GeForce RTX 3090 Ti,24.0,1560.0,1890.0,300.0,Nvidia,RTX 3090-Ti,5,232.0,450
PNY XLR8 Gaming REVEL EPIC-X RGB,499.99,GeForce RTX 3070 LHR,8.0,1500.0,1725.0,294.0,Nvidia,RTX 3070,25,148.0,220
Asus TUF GAMING OC,1399.99,Radeon RX 6900 XT,16.0,1825.0,2340.0,320.0,AMD,RX 6900-XT,12,195.0,300
Zotac GAMING AMP Holo,629.9,GeForce RTX 3070,8.0,1500.0,1785.0,291.0,Nvidia,RTX 3070,25,148.0,220
Zotac Twin Edge,499.9,GeForce RTX 3060 Ti,8.0,1410.0,1665.0,222.0,Nvidia,RTX 3060-Ti,34,128.0,200
Asus KO Gaming OC,689.0,GeForce RTX 3070,8.0,1500.0,1845.0,275.0,Nvidia,RTX 3070,25,148.0,220
MSI GAMING X,677.94,GeForce RTX 3060 Ti LHR,8.0,1410.0,1770.0,278.0,Nvidia,RTX 3060-Ti,34,128.0,200
PowerColor Red Dragon OC,519.95,Radeon RX 6800,16.0,1700.0,2170.0,310.0,AMD,RX 6800,27,143.0,250
ASRock OC Formula,1881.36,Radeon RX 6900 XT,16.0,2125.0,2475.0,332.0,AMD,RX 6900-XT,12,195.0,300
Asus DUAL,334.99,GeForce RTX 3060 8GB,8.0,1320.0,1807.0,200.0,Nvidia,RTX 3060,59,100.0,170
MSI Radeon RX 6600 XT MECH 2X 8G OCV1,399.0,Radeon RX 6600 XT,8.0,1968.0,2602.0,215.0,AMD,RX 6600-XT,54,107.0,160
Asus TUF GAMING OC,319.99,GeForce RTX 3050 8GB,8.0,1550.0,1875.0,272.0,Nvidia,RTX 3050,92,74.8,130
Gigabyte AORUS MASTER Rev 2.0,795.99,GeForce RTX 3070 LHR,8.0,1500.0,1845.0,290.0,Nvidia,RTX 3070,25,148.0,220
Asus TUF GAMING V2,439.9,GeForce RTX 3060 12GB,12.0,1320.0,1807.0,301.0,Nvidia,RTX 3060,59,100.0,170
PNY XLR8 Gaming REVEL EPIC-X RGB,289.99,GeForce RTX 3050 8GB,8.0,1552.0,1777.0,247.0,Nvidia,RTX 3050,92,74.8,130
Asus DUAL OC V2,549.99,GeForce RTX 3060 Ti LHR,8.0,1410.0,1740.0,269.0,Nvidia,RTX 3060-Ti,34,128.0,200
Palit GameRock OC,2430.85,GeForce RTX 4090,24.0,2235.0,2610.0,329.0,Nvidia,RTX 4090,1,370.0,450
Gigabyte GAMING OC,1239.9,GeForce RTX 3080 12GB LHR,12.0,1260.0,1755.0,320.0,Nvidia,RTX 3080,16,187.0,320
Gigabyte GAMING OC 3X,847.99,GeForce RTX 2070 SUPER,8.0,1605.0,1815.0,286.0,Nvidia,RTX 2070,55,104.0,175
MSI VENTUS 3X,1998.0,GeForce RTX 4080,16.0,2205.0,2520.0,322.0,Nvidia,RTX 4080,2,290.0,320
XFX Speedster SWFT 319,799.99,Radeon RX 6900 XT,16.0,1825.0,2250.0,340.0,AMD,RX 6900-XT,12,195.0,300
Gainward Panther OC,560.29,GeForce RTX 4060 Ti,16.0,2310.0,2595.0,250.0,Nvidia,RTX 4060-Ti,26,145.0,160
Gigabyte GAMING OC,1925.0,GeForce RTX 3090 Ti,24.0,1560.0,1905.0,331.0,Nvidia,RTX 3090-Ti,5,232.0,450
PowerColor Hellhound Spectral,1323.0,Radeon RX 6700 XT,12.0,2321.0,2581.0,305.0,AMD,RX 6700-XT,40,122.0,230
EVGA XC ULTRA GAMING,1079.0,GeForce RTX 2080 Ti,11.0,1350.0,1650.0,270.0,Nvidia,RTX 2080-Ti,24,156.0,250
MSI VENTUS 3X PLUS OC,1950.51,GeForce RTX 3080 12GB LHR,12.0,1260.0,1740.0,305.0,Nvidia,RTX 3080,16,187.0,320
EVGA Black,1499.99,GeForce RTX 2080 Ti,11.0,1350.0,1545.0,270.0,Nvidia,RTX 2080-Ti,24,156.0,250
XFX Speedster QICK 319 Core,439.99,Radeon RX 6800,16.0,1700.0,2105.0,340.0,AMD,RX 6800,27,143.0,250
Zotac GAMING Trinity,649.9,GeForce RTX 3070 Ti,8.0,1575.0,1770.0,318.0,Nvidia,RTX 3070-Ti,23,158.0,290
EVGA FTW3 BLACK GAMING,1799.0,GeForce RTX 3090 Ti,24.0,1560.0,1860.0,300.0,Nvidia,RTX 3090-Ti,5,232.0,450
Zotac GAMING Trinity OC,899.9,GeForce RTX 3080 10GB LHR,10.0,1440.0,1725.0,318.0,Nvidia,RTX 3080,16,187.0,320
EVGA KO GAMING,475.0,GeForce RTX 2060,6.0,1365.0,1680.0,202.0,Nvidia,RTX 2060,72,89.8,160
MSI GAMING X TRIO,639.0,GeForce RTX 3060 Ti,8.0,1410.0,1830.0,323.0,Nvidia,RTX 3060-Ti,34,128.0,200
Zotac GAMING Twin Edge OC,629.99,GeForce RTX 4070 SUPER,12.0,1980.0,2490.0,234.0,Nvidia,RTX 4070,14,190.0,200
Gainward Phoenix,1769.31,GeForce RTX 4070 Ti,12.0,2310.0,2610.0,329.0,Nvidia,RTX 4070-Ti,4,240.0,285
Palit JetStream,564.82,GeForce RTX 4060 Ti,16.0,2310.0,2535.0,250.0,Nvidia,RTX 4060-Ti,26,145.0,160
Asus ROG STRIX GAMING OC,444.13,Radeon RX 6650 XT,8.0,2055.0,2694.0,281.0,AMD,RX 6650-XT,50,110.0,180
Gigabyte GAMING OC PRO Rev 3.0,474.66,GeForce RTX 3060 Ti LHR,8.0,1410.0,1770.0,281.0,Nvidia,RTX 3060-Ti,34,128.0,200
EVGA XC GAMING,549.99,GeForce RTX 3060 Ti LHR,8.0,1410.0,1710.0,202.0,Nvidia,RTX 3060-Ti,34,128.0,200
Gigabyte GAMING OC Rev 2.0,1499.99,GeForce RTX 3080 10GB LHR,10.0,1440.0,1800.0,320.0,Nvidia,RTX 3080,16,187.0,320
Gigabyte EAGLE OC,999.99,GeForce RTX 3080 10GB,10.0,1440.0,1755.0,320.0,Nvidia,RTX 3080,16,187.0,320
PNY XLR8 Gaming EPIC-X RGB,1549.0,GeForce RTX 3090,24.0,1395.0,1695.0,294.0,Nvidia,RTX 3090,8,210.0,350
Asus DUAL OC,459.99,Radeon RX 7700 XT,12.0,1700.0,2599.0,280.0,AMD,RX 7700-XT,19,170.0,245
Asus Phoenix,449.0,GeForce RTX 3060 12GB,12.0,1320.0,1807.0,177.0,Nvidia,RTX 3060,59,100.0,170
Inno3D Twin X2 OC,711.39,GeForce RTX 4070,12.0,1920.0,2505.0,250.0,Nvidia,RTX 4070,14,190.0,200
Sparkle TITAN OC,259.99,Arc A750,8.0,2050.0,2300.0,306.0,Intel,Arc A750,58,100.0,225
Gigabyte AORUS XTREME,1799.0,GeForce RTX 3090,24.0,1395.0,1860.0,319.0,Nvidia,RTX 3090,8,210.0,350
PNY VERTO OC,599.99,GeForce RTX 4070 SUPER,2.0,1980.0,2490.0,247.0,Nvidia,RTX 4070,14,190.0,200
Sapphire TOXIC Limited Edition,1388.9,Radeon RX 6900 XT,16.0,1825.0,2600.0,270.0,AMD,RX 6900-XT,12,195.0,300
Gigabyte GAMING OC,1720.23,Radeon RX 6900 XT,16.0,1825.0,2285.0,286.0,AMD,RX 6900-XT,12,195.0,300
Asus Turbo EVO,695.0,GeForce RTX 2060 SUPER,8.0,1500.0,1680.0,268.0,Nvidia,RTX 2060,72,89.8,160
EVGA XC3 BLACK GAMING,899.99,GeForce RTX 3070,8.0,1500.0,1725.0,285.0,Nvidia,RTX 3070,25,148.0,220
Palit JetStream,779.48,GeForce RTX 4070,12.0,1920.0,2475.0,329.0,Nvidia,RTX 4070,14,190.0,200
Asus KO OC,599.0,GeForce RTX 3060 Ti,8.0,1410.0,1785.0,275.0,Nvidia,RTX 3060-Ti,34,128.0,200
MSI GeForce RTX 3070 Ventus 3X 8G OC LHR,619.99,GeForce RTX 3070 LHR,8.0,1500.0,1755.0,305.0,Nvidia,RTX 3070,25,148.0,220
Asus TUF GAMING OC V2,659.9,GeForce RTX 3070 LHR,8.0,1500.0,1845.0,300.0,Nvidia,RTX 3070,25,148.0,220
Zotac GAMING Twin Edge OC,599.9,GeForce RTX 3070 LHR,8.0,1500.0,1755.0,232.0,Nvidia,RTX 3070,25,148.0,220
MSI GeForce RTX 3070 VENTUS 3X,749.9,GeForce RTX 3070,8.0,1500.0,1725.0,305.0,Nvidia,RTX 3070,25,148.0,220
MSI SUPRIM,899.99,GeForce RTX 4070 Ti,12.0,2310.0,2760.0,338.0,Nvidia,RTX 4070-Ti,4,240.0,285
MSI VENTUS,849.0,GeForce RTX 2080,8.0,1515.0,1710.0,268.0,Nvidia,RTX 2080,37,124.0,215
Palit JetStream OC,591.21,GeForce RTX 4060 Ti,16.0,2310.0,2595.0,250.0,Nvidia,RTX 4060-Ti,26,145.0,160
Zotac GAMING Trinity OC,1372.0,GeForce RTX 3080 12GB LHR,12.0,1260.0,1725.0,318.0,Nvidia,RTX 3080,16,187.0,320
Palit Dual,505.44,GeForce RTX 4060 Ti,8.0,2310.0,2535.0,250.0,Nvidia,RTX 4060-Ti,26,145.0,160
Gigabyte GAMING OC PRO,566.72,Radeon RX 6600 XT,8.0,1968.0,2607.0,282.0,AMD,RX 6600-XT,54,107.0,160
EVGA XC ULTRA GAMING,4835.52,GeForce RTX 2060,6.0,1365.0,1830.0,268.0,Nvidia,RTX 2060,72,89.8,160
Asus ROG STRIX GAMING OC V2,689.9,GeForce RTX 3070 LHR,8.0,1500.0,1935.0,318.0,Nvidia,RTX 3070,25,148.0,220
EVGA FTW3 ULTRA HYBRID GAMING iCX3,1449.99,GeForce RTX 3080 Ti,12.0,1365.0,1800.0,300.0,Nvidia,RTX 3080-Ti,10,204.0,350
XFX Speedster QICK 308 ULTRA,527.19,Radeon RX 6650 XT,8.0,2055.0,2689.0,274.0,AMD,RX 6650-XT,50,110.0,180
EVGA XC3 BLACK GAMING,999.0,GeForce RTX 3080 12GB LHR,12.0,1260.0,1710.0,285.0,Nvidia,RTX 3080,16,187.0,320
Gainward NE6306T019P2-190AB,495.0,GeForce RTX 3060 Ti LHR,8.0,1410.0,1665.0,247.0,Nvidia,RTX 3060-Ti,34,128.0,200
MSI VENTUS XS OC,549.99,GeForce RTX 2060,6.0,1365.0,1710.0,205.0,Nvidia,RTX 2060,72,89.8,160
Zotac GAMING AMP Holo,2299.98,GeForce RTX 3080 10GB,10.0,1440.0,1770.0,318.0,Nvidia,RTX 3080,16,187.0,320
PowerColor Red Devil OC,1148.88,Radeon RX 6900 XT,16.0,2015.0,2340.0,332.0,AMD,RX 6900-XT,12,195.0,300
Inno3D iChill X3,992.05,GeForce RTX 4070 Ti,12.0,2310.0,2670.0,334.0,Nvidia,RTX 4070-Ti,4,240.0,285
Gigabyte AORUS ELITE Rev 2.0,649.9,GeForce RTX 3060 Ti LHR,8.0,1410.0,1785.0,296.0,Nvidia,RTX 3060-Ti,34,128.0,200
MSI VENTUS 3X OC LHR,911.0,GeForce RTX 3080 10GB LHR,10.0,1440.0,1740.0,305.0,Nvidia,RTX 3080,16,187.0,320
Gigabyte EAGLE,460.5,GeForce RTX 3050 8GB,8.0,1550.0,1777.0,213.0,Nvidia,RTX 3050,92,74.8,130
EVGA XC3 ULTRA GAMING,1189.99,GeForce RTX 3080 12GB LHR,12.0,1260.0,1755.0,285.0,Nvidia,RTX 3080,16,187.0,320
XFX Speedster MERC 308 Black,425.99,Radeon RX 6600 XT,8.0,2188.0,2607.0,274.0,AMD,RX 6600-XT,54,107.0,160
Asus KO GAMING OC V2,659.0,GeForce RTX 3070 LHR,8.0,1500.0,1845.0,275.0,Nvidia,RTX 3070,25,148.0,220
MSI Radeon RX 6800 GAMING X TRIO 16G,1115.48,Radeon RX 6800,16.0,1700.0,2155.0,324.0,AMD,RX 6800,27,143.0,250
Gigabyte OC Rev 2.0,399.99,GeForce RTX 2060,6.0,1365.0,1755.0,226.0,Nvidia,RTX 2060,72,89.8,160
PowerColor Red Devil,1245.0,Radeon RX 7900 XT,20.0,2000.0,2535.0,338.0,AMD,RX 7900-XT,6,220.0,300
Palit Dual OC,742.78,GeForce RTX 4070,12.0,1920.0,2550.0,269.0,Nvidia,RTX 4070,14,190.0,200
Sapphire NITRO+,1399.0,Radeon RX 6900 XT,16.0,1825.0,2285.0,310.0,AMD,RX 6900-XT,12,195.0,300
Gigabyte AORUS XTREME WATERFORCE,1879.0,GeForce RTX 3080 10GB,10.0,1440.0,1845.0,252.0,Nvidia,RTX 3080,16,187.0,320
Asus TUF GAMING OC,799.99,GeForce RTX 3060 Ti,8.0,1410.0,1785.0,301.0,Nvidia,RTX 3060-Ti,34,128.0,200
Gigabyte AORUS MASTER,1899.0,Radeon RX 6800 XT,16.0,1825.0,2310.0,324.0,AMD,RX 6800-XT,18,171.0,300
Asus KO OC V2,609.18,GeForce RTX 3060 12GB,12.0,1320.0,1882.0,275.0,Nvidia,RTX 3060,59,100.0,170
Asus TUF-RTX3060-O12G-DEMONSLAYER,588.0,GeForce RTX 3060 12GB,12.0,1320.0,1882.0,301.0,Nvidia,RTX 3060,59,100.0,170
MSI Radeon RX 6900 XT GAMING Z TRIO 16G,1247.97,Radeon RX 6900 XT,16.0,1825.0,2425.0,324.0,AMD,RX 6900-XT,12,195.0,300
Asus STRIX GAMING,1079.0,GeForce RTX 2080 Ti,11.0,1350.0,1560.0,305.0,Nvidia,RTX 2080-Ti,24,156.0,250
PNY Blower,999.0,GeForce RTX 2080 Ti,11.0,1350.0,1545.0,267.0,Nvidia,RTX 2080-Ti,24,156.0,250
Zotac GAMING AMP Core Holo,1599.0,GeForce RTX 3090,24.0,1395.0,1755.0,328.0,Nvidia,RTX 3090,8,210.0,350
EVGA XC GAMING,1020.52,GeForce RTX 2070,8.0,1410.0,1710.0,269.0,Nvidia,RTX 2070,55,104.0,175
Palit Dual OC,526.55,GeForce RTX 4060 Ti,8.0,2310.0,2685.0,250.0,Nvidia,RTX 4060-Ti,26,145.0,160
Inno3D X3 OC,1032.87,GeForce RTX 4070,12.0,1920.0,2505.0,297.0,Nvidia,RTX 4070,14,190.0,200
Asus KO GAMING OC V2,659.0,GeForce RTX 3060 Ti LHR,8.0,1410.0,1785.0,275.0,Nvidia,RTX 3060-Ti,34,128.0,200
MSI GAMING,559.99,GeForce RTX 2060,6.0,1365.0,1680.0,247.0,Nvidia,RTX 2060,72,89.8,160
EVGA XC3 BLACK GAMING,1099.0,GeForce RTX 3080 10GB,10.0,1440.0,1710.0,285.0,Nvidia,RTX 3080,16,187.0,320
Gigabyte EAGLE,1899.0,GeForce RTX 3080 12GB LHR,12.0,1260.0,1710.0,320.0,Nvidia,RTX 3080,16,187.0,320
Asus ROG STRIX LC GAMING OC,1689.0,GeForce RTX 3080 Ti,12.0,1365.0,1860.0,293.0,Nvidia,RTX 3080-Ti,10,204.0,350
EVGA XC BLACK GAMING,378.0,GeForce RTX 3050 8GB,8.0,1550.0,1777.0,202.0,Nvidia,RTX 3050,92,74.8,130
EVGA XC HYBRID GAMING,899.95,GeForce RTX 2080 SUPER,8.0,1650.0,1830.0,266.0,Nvidia,RTX 2080,37,124.0,215
XFX RX-68XTACBD9,909.0,Radeon RX 6800 XT,16.0,1925.0,2360.0,340.0,AMD,RX 6800-XT,18,171.0,300
Gigabyte AORUS MASTER,1929.0,GeForce RTX 3090,24.0,1395.0,1785.0,319.0,Nvidia,RTX 3090,8,210.0,350
XFX Speedster QICK 319 Core,389.99,Radeon RX 6750 XT,12.0,2150.0,2600.0,323.0,AMD,RX 6750-XT,33,130.0,250
MSI GeForce RTX 3070 Suprim X 8G LHR,799.0,GeForce RTX 3070 LHR,8.0,1500.0,1920.0,335.0,Nvidia,RTX 3070,25,148.0,220
EVGA Black,849.0,GeForce RTX 2080,8.0,1515.0,1710.0,269.0,Nvidia,RTX 2080,37,124.0,215
Gainward Phantom GS,2984.2,GeForce RTX 4080,16.0,2205.0,2640.0,329.0,Nvidia,RTX 4080,2,290.0,320
EVGA XC HYBRID GAMING,2499.98,GeForce RTX 2080 Ti,11.0,1350.0,1635.0,269.0,Nvidia,RTX 2080-Ti,24,156.0,250
Sapphire NITRO+,520.0,Radeon RX 6650 XT,8.0,2055.0,2694.0,260.0,AMD,RX 6650-XT,50,110.0,180
Palit GamingPro OC,771.39,GeForce RTX 4070,12.0,1920.0,2595.0,329.0,Nvidia,RTX 4070,14,190.0,200
Asus ROG-STRIX-LC-RX6900XT-T16G-GAMING,1929.82,Radeon RX 6900 XT,16.0,1825.0,2525.0,277.0,AMD,RX 6900-XT,12,195.0,300
Gigabyte EAGLE OC,1642.06,GeForce RTX 3090,24.0,1395.0,1725.0,320.0,Nvidia,RTX 3090,8,210.0,350
Palit StormX,1289.0,GeForce RTX 2060,6.0,1365.0,1680.0,168.0,Nvidia,RTX 2060,72,89.8,160
XFX Speedster MERC 319 Limited,799.99,Radeon RX 6900 XT,16.0,1825.0,2495.0,340.0,AMD,RX 6900-XT,12,195.0,300
Palit GamingPro,1452.31,GeForce RTX 4080,16.0,2205.0,2505.0,329.0,Nvidia,RTX 4080,2,290.0,320
XFX Speedster QICK 319 Core,1019.0,Radeon RX 6700 XT,12.0,2321.0,2581.0,323.0,AMD,RX 6700-XT,40,122.0,230
PowerColor AXRX 6700XT 12GBD6-M3DH,699.0,Radeon RX 6700 XT,12.0,2321.0,2581.0,267.0,AMD,RX 6700-XT,40,122.0,230
MSI GAMING SLIM,789.99,GeForce RTX 4070 Ti,12.0,2310.0,2625.0,307.0,Nvidia,RTX 4070-Ti,4,240.0,285
Inno3D iChill X4,1296.89,GeForce RTX 3070 Ti,8.0,1575.0,1830.0,300.0,Nvidia,RTX 3070-Ti,23,158.0,290
MSI DUKE,675.0,GeForce RTX 2070,8.0,1410.0,1755.0,314.0,Nvidia,RTX 2070,55,104.0,175
EVGA FTW3 GAMING,1079.0,GeForce RTX 2080 Ti,11.0,1350.0,1545.0,302.0,Nvidia,RTX 2080-Ti,24,156.0,250
Gigabyte AORUS XTREME WATERFORCE,1998.0,GeForce RTX 3080 12GB LHR,12.0,1260.0,1830.0,252.0,Nvidia,RTX 3080,16,187.0,320
Asus TUF GAMING V2,619.9,GeForce RTX 3060 Ti LHR,8.0,1410.0,1695.0,301.0,Nvidia,RTX 3060-Ti,34,128.0,200
Zotac AMP Extreme Holo,2276.13,GeForce RTX 3080 Ti,12.0,1365.0,1785.0,356.0,Nvidia,RTX 3080-Ti,10,204.0,350
MSI VENTUS 3X OC,911.0,GeForce RTX 3080 10GB LHR,10.0,1440.0,1740.0,305.0,Nvidia,RTX 3080,16,187.0,320
Gigabyte AORUS MASTER,1449.99,GeForce RTX 3080 12GB LHR,12.0,1260.0,1830.0,319.0,Nvidia,RTX 3080,16,187.0,320
Zotac GAMING Trinity,1989.99,GeForce RTX 3080 Ti,12.0,1365.0,1665.0,318.0,Nvidia,RTX 3080-Ti,10,204.0,350
Asus Turbo,499.0,GeForce RTX 2060,6.0,1365.0,1710.0,268.0,Nvidia,RTX 2060,72,89.8,160
XFX Speedster MERC 319 Ultra,1799.99,Radeon RX 6900 XT,16.0,1925.0,2340.0,340.0,AMD,RX 6900-XT,12,195.0,300
Sapphire TOXIC Limited Edition,1339.0,Radeon RX 6900 XT,16.0,1825.0,2600.0,270.0,AMD,RX 6900-XT,12,195.0,300
Sapphire Toxic Extreme Edition,1782.2,Radeon RX 6900 XT,16.0,1825.0,2525.0,270.0,AMD,RX 6900-XT,12,195.0,300
XFX Speedster MERC 319,799.99,Radeon RX 6900 XT,16.0,1825.0,2365.0,340.0,AMD,RX 6900-XT,12,195.0,300
Asus TUF GAMING V2,549.9,GeForce RTX 3070 LHR,8.0,1500.0,1755.0,300.0,Nvidia,RTX 3070,25,148.0,220
Gigabyte AORUS MASTER,1015.48,Radeon RX 6800,16.0,1700.0,2190.0,324.0,AMD,RX 6800,27,143.0,250
MSI VENTUS 2X OCV1,310.14,GeForce RTX 3050 8GB,8.0,1550.0,1807.0,236.0,Nvidia,RTX 3050,92,74.8,130
Asus DUAL,698.97,GeForce RTX 2060,6.0,1365.0,1680.0,270.0,Nvidia,RTX 2060,72,89.8,160
EVGA XC3 BLACK GAMING,889.9,GeForce RTX 3080 10GB LHR,10.0,1440.0,1710.0,285.0,Nvidia,RTX 3080,16,187.0,320
PNY XLR8 Gaming Overclocked Edition,1989.0,GeForce RTX 2080 Ti,11.0,1350.0,1635.0,302.0,Nvidia,RTX 2080-Ti,24,156.0,250
PowerColor Red Devil Limited Edition,1999.99,Radeon RX 6900 XT,16.0,1825.0,2340.0,320.0,AMD,RX 6900-XT,12,195.0,300
XFX Speedster QICK 319 BLACK,846.99,Radeon RX 6800,16.0,1850.0,2190.0,340.0,AMD,RX 6800,27,143.0,250
Inno3D N30602-08D6-11902130,335.53,GeForce RTX 3050 8GB,8.0,1320.0,1777.0,240.0,Nvidia,RTX 3050,92,74.8,130
Asus STRIX GAMING Advanced,675.0,GeForce RTX 2070,8.0,1410.0,1680.0,300.0,Nvidia,RTX 2070,55,104.0,175
EVGA XC3 BLACK GAMING,789.99,GeForce RTX 3070 LHR,8.0,1500.0,1725.0,285.0,Nvidia,RTX 3070,25,148.0,220
Palit GamingPro,879.27,GeForce RTX 4070,12.0,1920.0,2475.0,329.0,Nvidia,RTX 4070,14,190.0,200
