name,case_price,type,color,side_panel,internal_35_bays,case_max_gpu_length,max_gpu_length
Corsair 4000D Airflow,104.99,ATX Mid Tower,Black,Tinted Tempered Glass,2,330.0,330
NZXT H5 Flow,94.99,ATX Mid Tower,Black,Tempered Glass,1,330.0,330
NZXT H9 Flow,159.99,ATX Mid Tower,White,Tempered Glass,2,330.0,330
NZXT H9 Flow,154.99,ATX Mid Tower,Black,Tempered Glass,2,330.0,330
Montech AIR 903 MAX,75.0,ATX Mid Tower,Black,Tempered Glass,2,330.0,330
NZXT H6 Flow,109.99,ATX Mid Tower,White,Tempered Glass,1,330.0,330
NZXT H6 Flow,101.29,ATX Mid Tower,Black,Tempered Glass,1,330.0,330
Montech X3 Mesh,64.98,ATX Mid Tower,Black,Tempered Glass,2,330.0,330
Lian Li O11 Vision,138.94,ATX Mid Tower,White,Tempered Glass,2,330.0,330
Fractal Design North,139.99,ATX Mid Tower,Black,Tempered Glass,2,330.0,330
Phanteks XT PRO,49.99,ATX Mid Tower,Black,Tempered Glass,2,330.0,330
NZXT H6 Flow RGB,132.99,ATX Mid Tower,White,Tempered Glass,1,330.0,330
Phanteks XT PRO ULTRA,69.99,ATX Mid Tower,Black,Tempered Glass,2,330.0,330
Lian Li O11 Dynamic EVO,249.22,ATX Mid Tower,White / Gray,Tempered Glass,6,330.0,330
Lian Li LANCOOL 216,99.99,ATX Mid Tower,Black,Tempered Glass,2,400.0,330
Silverstone ALTA F2,999.99,ATX Full Tower,Black,Tempered Glass,8,330.0,400
Deepcool CC560 V2,59.99,ATX Mid Tower,Black,Tempered Glass,2,330.0,330
NZXT H5 Flow,93.99,ATX Mid Tower,White,Tempered Glass,1,330.0,330
NZXT H6 Flow RGB,134.99,ATX Mid Tower,Black,Tempered Glass,1,330.0,330
HYTE Y70 Touch,359.99,ATX Mid Tower,White,Tempered Glass,2,330.0,330
Lian Li O11 Vision,129.99,ATX Mid Tower,Black,Tempered Glass,2,330.0,330
Montech AIR 903 BASE,65.0,ATX Mid Tower,Black,Tempered Glass,2,330.0,330
Corsair 3000D AIRFLOW,74.98,ATX Mid Tower,Black,Tempered Glass,2,330.0,330
Fractal Design Pop Air RGB,89.99,ATX Mid Tower,Black,Tempered Glass,2,330.0,330
Corsair 5000D AIRFLOW,159.99,ATX Mid Tower,Black,Tempered Glass,2,330.0,330
NZXT H7 Flow,129.99,ATX Mid Tower,Black,Tempered Glass,2,330.0,330
Montech KING 95 PRO,149.0,ATX Mid Tower,Black,Tempered Glass,5,330.0,330
Corsair 4000D Airflow,104.99,ATX Mid Tower,White,Tinted Tempered Glass,2,330.0,330
Lian Li O11D EVO RGB,159.99,ATX Mid Tower,Black,Tempered Glass,4,330.0,330
Corsair iCUE 4000X RGB,119.99,ATX Mid Tower,Black,Tempered Glass,2,400.0,330
Lian Li O11 Dynamic Mini Snow Edition,119.99,ATX Mid Tower,White,Tempered Glass,2,330.0,330
Fractal Design North XL,179.99,ATX Full Tower,Black,Tinted Tempered Glass,2,330.0,400
Montech KING 95 PRO,159.0,ATX Mid Tower,White,Tempered Glass,5,330.0,330
HYTE Y70 Touch,359.99,ATX Mid Tower,Black,Tempered Glass,2,330.0,330
Phanteks Eclipse G360A,69.99,ATX Mid Tower,White,Tempered Glass,2,330.0,330
Montech AIR 903 MAX,69.0,ATX Mid Tower,White,Tempered Glass,2,330.0,330
Lian Li O11 Dynamic EVO XL,231.99,ATX Full Tower,Black,Tempered Glass,4,400.0,400
Fractal Design Meshify C,99.99,ATX Mid Tower,Black,Tinted Tempered Glass,2,330.0,330
NZXT H5 Flow RGB,99.99,ATX Mid Tower,Black,Tempered Glass,1,400.0,330
HYTE Y60,179.99,ATX Mid Tower,Black,Tempered Glass,2,330.0,330
Phanteks NV5,99.99,ATX Mid Tower,Black,Tempered Glass,3,400.0,330
HYTE Y70,219.99,ATX Mid Tower,White,Tempered Glass,2,330.0,330
Montech SKY TWO,89.0,ATX Mid Tower,Black,Tempered Glass,2,330.0,330
Fractal Design Pop Air,79.97,ATX Mid Tower,Black,Tempered Glass,2,400.0,330
Corsair 7000D AIRFLOW,189.99,ATX Full Tower,Black,Tempered Glass,6,330.0,400
NZXT H9 Elite,229.99,ATX Mid Tower,Black,Tempered Glass,2,330.0,330
NZXT H9 Elite,222.99,ATX Mid Tower,White,Tempered Glass,2,330.0,330
Fractal Design Pop XL Air,109.97,ATX Full Tower,Black,Tempered Glass,3,330.0,400
HYTE Y60 Snow White,179.99,ATX Mid Tower,White,Tempered Glass,2,330.0,330
Lian Li O11 Dynamic Mini,112.51,ATX Mid Tower,Black,Tempered Glass,2,330.0,330
Lian Li PC-O11 Dynamic,119.99,ATX Full Tower,White,Tempered Glass,3,400.0,400
Zalman S2,52.99,ATX Mid Tower,Black,Acrylic,2,330.0,330
Fractal Design North,139.99,ATX Mid Tower,White,Tempered Glass,2,330.0,330
Lian Li O11 Dynamic EVO XL,229.99,ATX Full Tower,White,Tempered Glass,4,330.0,400
be quiet! Pure Base 500DX,79.9,ATX Mid Tower,Black,Tempered Glass,2,330.0,330
Lian Li LANCOOL 216,94.0,ATX Mid Tower,Black,Tempered Glass,2,330.0,330
Lian Li O11D EVO RGB,159.99,ATX Mid Tower,White,Tempered Glass,4,330.0,330
Montech AIR 903 BASE,57.0,ATX Mid Tower,White,Tempered Glass,2,330.0,330
Corsair iCUE 4000D RGB AIRFLOW,149.99,ATX Mid Tower,Black,Tempered Glass,2,330.0,330
NZXT H5 Flow RGB,99.99,ATX Mid Tower,White,Tempered Glass,1,330.0,330
NZXT H510,98.98,ATX Mid Tower,Black,Tempered Glass,2,330.0,330
Lian Li O11 Air Mini,99.99,ATX Mid Tower,Black,Tempered Glass,4,330.0,330
HYTE Y70,219.99,ATX Mid Tower,Black,Tempered Glass,2,330.0,330
Lian Li LANCOOL 216,94.49,ATX Mid Tower,White,Tempered Glass,2,330.0,330
Asus ROG Strix Helios,304.99,ATX Full Tower,Black,Tempered Glass,2,330.0,400
MSI MAG FORGE 112R,86.0,ATX Mid Tower,Black,Tempered Glass,2,330.0,330
Fractal Design North,139.99,ATX Mid Tower,Black,Mesh,2,330.0,330
NZXT H5 Elite,104.95,ATX Mid Tower,Black,Tempered Glass,1,330.0,330
HYTE Y40,99.99,ATX Mid Tower,Black,Tempered Glass,1,330.0,330
Phanteks NV5,104.99,ATX Mid Tower,White,Tempered Glass,3,330.0,330
Fractal Design Torrent,189.99,ATX Mid Tower,Black,Tinted Tempered Glass,2,330.0,330
Cougar MX330-X,53.99,ATX Mid Tower,Black,,2,330.0,330
Phanteks Enthoo Pro,99.99,ATX Full Tower,Black,Acrylic,6,330.0,400
Fractal Design Focus 2,69.99,ATX Mid Tower,Black,,2,330.0,330
Antec NX100,40.22,ATX Mid Tower,Black / Gray,Acrylic,2,330.0,330
NZXT H7 Flow,96.99,ATX Mid Tower,White,Tempered Glass,2,330.0,330
Corsair 3000D RGB AIRFLOW,99.99,ATX Mid Tower,Black,Tempered Glass,2,330.0,330
Fractal Design Pop Air,69.98,ATX Mid Tower,Black,,2,330.0,330
SAMA Sama-S88-BK,41.97,ATX Mid Tower,Black / Red,Tempered Glass,2,330.0,330
Corsair Obsidian Series 1000D,524.99,ATX Full Tower,Black,Tempered Glass,5,330.0,400
NZXT H7 Flow,89.99,ATX Mid Tower,White / Black,Tempered Glass,2,330.0,330
MUSETEX K2,109.99,ATX Mid Tower,Black,Tempered Glass,2,400.0,330
Corsair iCUE 7000X RGB,229.99,ATX Full Tower,Black,Tempered Glass,6,330.0,400
MSI MPG GUNGNIR 110R,92.19,ATX Mid Tower,Black,Tempered Glass,2,330.0,330
Cooler Master MasterBox TD500 Mesh V2,113.98,ATX Mid Tower,,Tempered Glass,2,330.0,330
Montech X3 Mesh,63.9,ATX Mid Tower,White,Tempered Glass,2,330.0,330
HYTE Y60,174.99,ATX Mid Tower,White / Black,Tempered Glass,2,330.0,330
Asus TUF Gaming GT502,149.99,ATX Mid Tower,Black,Tempered Glass,4,400.0,330
Lian Li LANCOOL 215,89.99,ATX Mid Tower,Black,Tempered Glass,2,330.0,330
Corsair iCUE 5000D RGB AIRFLOW,219.99,ATX Mid Tower,Black,Tempered Glass,2,330.0,330
Fractal Design Focus G,59.98,ATX Mid Tower,Black,Acrylic,2,330.0,330
Montech SKY TWO,92.99,ATX Mid Tower,White,Tempered Glass,2,330.0,330
Corsair 6500X,199.99,ATX Mid Tower,Black,Tempered Glass,2,330.0,330
Fractal Design Define R5,124.99,ATX Mid Tower,Black,,8,330.0,330
Phanteks XT PRO ULTRA,69.99,ATX Mid Tower,White,Tempered Glass,2,330.0,330
Fractal Design North XL,179.99,ATX Full Tower,Black,Mesh,2,330.0,400
NZXT H510,99.98,ATX Mid Tower,White,Tempered Glass,2,330.0,330
Fractal Design North,139.99,ATX Mid Tower,White,Mesh,2,330.0,330
MSI MAG FORGE 100R,93.83,ATX Mid Tower,Black,Tempered Glass,2,330.0,330
NZXT H5 Elite,104.95,ATX Mid Tower,White,Tempered Glass,1,330.0,330
Corsair iCUE 4000X RGB,119.99,ATX Mid Tower,White,Tempered Glass,2,330.0,330
Asus ProArt PA602,269.99,ATX Mid Tower,Black,Tempered Glass,4,330.0,330
Montech KING 95,79.99,ATX Mid Tower,Black,Tempered Glass,5,330.0,330
Deepcool CH560,88.66,ATX Mid Tower,Black,Tempered Glass,2,330.0,330
NZXT H510i,102.99,ATX Mid Tower,White,Tempered Glass,2,330.0,330
GameMax G563,51.99,ATX Mid Tower,Black,Acrylic,2,400.0,330
be quiet! Pure Base 500 FX,109.9,ATX Mid Tower,Black,Tempered Glass,2,400.0,330
DIYPC DIY-S07,46.98,ATX Mid Tower,Black,Acrylic,2,330.0,330
Cooler Master MasterBox TD500 Mesh White w/ Controller,84.99,ATX Mid Tower,White,Tempered Glass,2,330.0,330
NZXT H7 Flow RGB,134.99,ATX Mid Tower,Black,Tempered Glass,2,330.0,330
Corsair 6500X,199.99,ATX Mid Tower,White,Tempered Glass,2,330.0,330
Fractal Design Meshify C,99.97,ATX Mid Tower,Black,Tempered Glass,2,400.0,330
Fractal Design North XL,179.99,ATX Full Tower,White,Tempered Glass,2,330.0,400
HYTE Y40,101.99,ATX Mid Tower,White,Tempered Glass,1,400.0,330
Lian Li LANCOOL III RGB,164.99,ATX Mid Tower,Black,Tempered Glass,4,400.0,330
Antec C8,109.99,ATX Mid Tower,Black,Tempered Glass,2,330.0,330
SAMA SAMA-Z4,53.99,ATX Mid Tower,White / Black,Tempered Glass,2,330.0,330
Corsair iCUE 5000X RGB,164.99,ATX Mid Tower,Black,Tempered Glass,2,330.0,330
HYTE Y70,219.99,ATX Mid Tower,White / Black,Tempered Glass,2,330.0,330
Deepcool CH560 DIGITAL,109.99,ATX Mid Tower,Black,Tempered Glass,2,330.0,330
Fractal Design Pop XL Air,89.99,ATX Full Tower,White,Tempered Glass,3,400.0,400
Lian Li O11 Vision Chrome,139.99,ATX Mid Tower,Black,Tinted Tempered Glass,2,330.0,330
Fractal Design Pop Air,89.99,ATX Mid Tower,White,Tempered Glass,2,330.0,330
be quiet! Shadow Base 800 FX,169.9,ATX Mid Tower,Black,Tempered Glass,2,330.0,330
Deepcool CK560,68.99,ATX Mid Tower,Black,Tempered Glass,2,330.0,330
Montech AIR 1000 PREMIUM,64.98,ATX Mid Tower,Black,Tempered Glass,2,330.0,330
NZXT H7 Elite (2023),99.99,ATX Mid Tower,Black,Tempered Glass,2,330.0,330
HYTE Y40,99.99,ATX Mid Tower,White / Black,Tempered Glass,1,330.0,330
MUSETEX Y6,104.99,ATX Mid Tower,White,Tempered Glass,2,330.0,330
Fractal Design Meshify 2 XL,199.99,ATX Full Tower,Black,Tinted Tempered Glass,6,330.0,400
Zalman T6,49.99,ATX Mid Tower,Black,,2,330.0,330
Phanteks XT View,79.99,ATX Mid Tower,Black,Tempered Glass,2,330.0,330
Deepcool MATREXX 50 ADD-RGB 4F,73.26,ATX Mid Tower,Black,Tempered Glass,2,330.0,330
Fractal Design Meshify C,79.98,ATX Mid Tower,White / Black,Tempered Glass,2,400.0,330
Antec NX410,66.99,ATX Mid Tower,Black,Tempered Glass,2,400.0,330
be quiet! Pure Base 500,69.9,ATX Mid Tower,Black,,2,330.0,330
Lian Li LANCOOL III,149.99,ATX Mid Tower,Black,Tempered Glass,4,330.0,330
NZXT H510 Elite,169.99,ATX Mid Tower,White / Black,Tempered Glass,2,330.0,330
Corsair iCUE 4000D RGB AIRFLOW,149.99,ATX Mid Tower,White,Tempered Glass,2,400.0,330
Antec C8,124.99,ATX Mid Tower,White,Tempered Glass,2,330.0,330
Lian Li LANCOOL 205 Mesh C,124.99,ATX Mid Tower,Pink,Tempered Glass,2,330.0,330
DIYPC ARGB Q10,74.98,ATX Mid Tower,Black,Tempered Glass,1,400.0,330
Fractal Design Torrent,189.99,ATX Mid Tower,Black,,2,330.0,330
Antec AX61 ELITE,59.99,ATX Mid Tower,Black,Tempered Glass,2,330.0,330
Fractal Design Focus 2,69.99,ATX Mid Tower,Black,Tempered Glass,2,330.0,330
Phanteks Enthoo Elite,899.99,ATX Full Tower,Black,Tinted Tempered Glass,6,330.0,400
HYTE Y70 Touch,359.99,ATX Mid Tower,Black / White,Tempered Glass,2,330.0,330
Lian Li O11 Air Mini,109.99,ATX Mid Tower,White,Tempered Glass,4,330.0,330
Lian Li PC-O11 Dynamic Razer,290.8,ATX Full Tower,Black,Tempered Glass,3,330.0,400
Phanteks NV7,189.99,ATX Full Tower,Black,Tempered Glass,2,330.0,400
Fractal Design Meshify 2,159.99,ATX Mid Tower,Black,Tinted Tempered Glass,6,330.0,330
Fractal Design Define 7,179.86,ATX Mid Tower,Black,,6,330.0,330
GameMax Infinity,61.91,ATX Mid Tower,White,Tempered Glass,1,330.0,330
Phanteks ECLIPSE G500A DRGB,119.99,ATX Mid Tower,Black,Tempered Glass,2,330.0,330
Thermaltake S200 TG ARGB,79.98,ATX Mid Tower,Black,Tempered Glass,2,330.0,330
Cooler Master HAF 700 EVO,474.99,ATX Full Tower,Gray / Black,Tempered Glass,12,330.0,400
Corsair 4000D Airflow,144.98,ATX Mid Tower,Black,Tempered Glass,2,400.0,330
Fractal Design Define 7 XL,224.99,ATX Full Tower,Black,,6,330.0,400
Lian Li Lancool II Mesh,198.0,ATX Mid Tower,Black,Tempered Glass,3,330.0,330
Phanteks NV7,199.99,ATX Full Tower,White,Tempered Glass,2,330.0,400
Phanteks Enthoo Pro 2,139.99,ATX Full Tower,Black,Tempered Glass,12,330.0,400
MSI MPG VELOX 100R,119.0,ATX Mid Tower,Black,Tempered Glass,2,330.0,330
MSI MAG FORGE 100M,131.0,ATX Mid Tower,Black,Tempered Glass,2,330.0,330
NZXT H7 Elite (2023),99.99,ATX Mid Tower,White,Tempered Glass,2,400.0,330
Zalman S3,52.99,ATX Mid Tower,Black,Acrylic,2,330.0,330
Corsair iCUE 5000D RGB AIRFLOW,219.99,ATX Mid Tower,White,Tempered Glass,2,330.0,330
DIYPC S3-BK-ARGB,53.98,ATX Mid Tower,Black,Tempered Glass,2,330.0,330
Phanteks NV9,249.99,ATX Full Tower,Black,Tempered Glass,3,400.0,400
Asus TUF Gaming GT301,89.99,ATX Mid Tower,Black,Tempered Glass,2,330.0,330
Asus TUF Gaming GT501,163.38,ATX Mid Tower,Black / Gray,Tempered Glass,4,330.0,330
Antec DF700 FLUX,89.99,ATX Mid Tower,Black,Tempered Glass,3,330.0,330
Fractal Design Meshify 2 Compact TG Light Tint,124.99,ATX Mid Tower,Black,Tempered Glass,2,330.0,330
Corsair 3000D AIRFLOW,64.99,ATX Mid Tower,White,Tempered Glass,2,330.0,330
Fractal Design Torrent RGB,229.99,ATX Mid Tower,Black,Tinted Tempered Glass,2,400.0,330
Phanteks XT View,79.99,ATX Mid Tower,White,Tempered Glass,2,330.0,330
Fractal Design Meshify C,69.99,ATX Mid Tower,Black,,2,400.0,330
NZXT H7 Flow RGB,134.99,ATX Mid Tower,White,Tempered Glass,2,330.0,330
Cooler Master MasterBox TD500 Mesh w/ Controller,84.99,ATX Mid Tower,Black,Tempered Glass,2,400.0,330
Corsair 6500D Airflow,199.99,ATX Mid Tower,Black,Tempered Glass,2,330.0,330
HYTE Y70 Touch,359.99,ATX Mid Tower,Black / Red,Tempered Glass,2,330.0,330
Cooler Master QUBE 500 Flatpack,101.99,ATX Mid Tower,Black,Tempered Glass,4,330.0,330
GameMax Infinity,63.94,ATX Mid Tower,Black,Tempered Glass,1,330.0,330
Corsair iCUE 7000X RGB,229.99,ATX Full Tower,White,Tempered Glass,6,330.0,400
Antec Performance 1 FT,132.99,ATX Full Tower,Black,Tempered Glass,2,400.0,400
Montech KING 95,89.99,ATX Mid Tower,White,Tempered Glass,5,330.0,330
Thermaltake Core W200,506.76,ATX Full Tower,Black,Acrylic,4,330.0,400
Corsair 3000D RGB AIRFLOW,89.99,ATX Mid Tower,White,Tempered Glass,2,330.0,330
BitFenix Nova Mesh SE,64.9,ATX Mid Tower,Black,Tempered Glass,2,330.0,330
GAMDIAS TALOS E3 MESH,54.54,ATX Mid Tower,White,Tempered Glass,2,330.0,330
Phanteks Enthoo Pro 2,129.99,ATX Full Tower,Black,,12,330.0,400
Corsair iCUE 220T RGB Airflow,116.37,ATX Mid Tower,Black,Tempered Glass,2,330.0,330
Lian Li O11D XL-X,199.99,ATX Full Tower,Black,Tempered Glass,4,400.0,400
GameMax Edge,47.99,ATX Mid Tower,Black,Tempered Glass,2,330.0,330
Lian Li LANCOOL III RGB,151.99,ATX Mid Tower,White,Tempered Glass,4,400.0,330
Fractal Design North XL,179.99,ATX Full Tower,White,Mesh,2,330.0,400
be quiet! Pure Base 500DX,94.9,ATX Mid Tower,White,Tempered Glass,2,330.0,330
Montech AIR 1000 PREMIUM,69.98,ATX Mid Tower,White,Tempered Glass,2,330.0,330
Phanteks Enthoo Pro Tempered Glass,110.99,ATX Full Tower,Black,Tinted Tempered Glass,6,330.0,400
Lian Li LANCOOL 205 Mesh C,94.99,ATX Mid Tower,Black,Tempered Glass,2,330.0,330
Cooler Master N400,74.99,ATX Mid Tower,Black,,7,330.0,330
Corsair iCUE 5000T RGB,349.99,ATX Mid Tower,Black,Tempered Glass,2,330.0,330
Thermaltake V250 TG ARGB Air,78.98,ATX Mid Tower,Black,Tempered Glass,2,330.0,330
Antec AX20,92.79,ATX Mid Tower,Black,Tempered Glass,2,330.0,330
Antec NX410,66.99,ATX Mid Tower,White,Tempered Glass,2,330.0,330
be quiet! Silent Base 802,149.9,ATX Mid Tower,Black,Tempered Glass,3,330.0,330
MSI MPG GUNGNIR 300R AIRFLOW,169.99,ATX Mid Tower,Black,Tempered Glass,2,330.0,330
MagniumGear Neo Air 2,59.99,ATX Mid Tower,Black / Brown,Tempered Glass,2,330.0,330
Fractal Design Core 2300,76.98,ATX Mid Tower,Black,,3,330.0,330
Deepcool CG560,127.99,ATX Mid Tower,Black,Tempered Glass,2,330.0,330
Cooler Master MasterBox NR600 (w/o ODD),89.99,ATX Mid Tower,Black,Tempered Glass,4,330.0,330
MSI MAG VAMPIRIC 100R,74.26,ATX Mid Tower,Black,Tempered Glass,2,330.0,330
MUSETEX NN8,89.99,ATX Mid Tower,Black,Tempered Glass,2,330.0,330
Thermaltake Ceres 300 TG ARGB,89.99,ATX Mid Tower,Black,Tempered Glass,1,330.0,330
DIYPC Silence,61.98,ATX Mid Tower,Black,Acrylic,2,330.0,330
Corsair 275R Airflow,197.51,ATX Mid Tower,Black,Tempered Glass,2,330.0,330
Fractal Design Pop XL Silent,99.99,ATX Full Tower,Black,,3,330.0,400
Lian Li Lancool II Mesh C RGB,104.9,ATX Mid Tower,White,Tempered Glass,3,330.0,330
Fractal Design Meshify 2,149.99,ATX Mid Tower,Black,,6,330.0,330
Fractal Design Focus G,61.98,ATX Mid Tower,White,Acrylic,2,400.0,330
GAMDIAS AURA GC1,54.99,ATX Mid Tower,Black,Tempered Glass,2,330.0,330
Fractal Design Pop Silent,79.99,ATX Mid Tower,Black,,2,330.0,330
Fractal Design Focus 2 RGB,89.98,ATX Mid Tower,Black,Tempered Glass,2,330.0,330
Fractal Design Torrent Compact RGB,169.99,ATX Mid Tower,Black,Tinted Tempered Glass,1,330.0,330
Corsair 5000D AIRFLOW,174.99,ATX Mid Tower,White / Gray,Tempered Glass,2,330.0,330
Lian Li V3000 PLUS,499.99,ATX Full Tower,Black,Tempered Glass,8,330.0,400
Fractal Design Torrent Compact,261.93,ATX Mid Tower,Black,,1,330.0,330
HYTE Y70,209.99,ATX Mid Tower,Black / Red,Tempered Glass,2,330.0,330
Fractal Design Focus G,59.99,ATX Mid Tower,Black / Blue,Acrylic,2,330.0,330
Lian Li LANCOOL II-W,74.99,ATX Mid Tower,White / Black,Tempered Glass,3,330.0,330
Thermaltake View 270,69.99,ATX Mid Tower,Black,Tempered Glass,2,400.0,330
Corsair 7000D AIRFLOW,189.99,ATX Full Tower,White / Black,Tempered Glass,6,330.0,400
Deepcool CC560 ARGB,179.7,ATX Mid Tower,Black,Tempered Glass,2,400.0,330
Corsair 4000D Airflow,154.98,ATX Mid Tower,White,Tempered Glass,2,330.0,330
Cooler Master MasterBox MB600L V2 w/ODD,52.38,ATX Mid Tower,Black,,2,330.0,330
Thermaltake View 270,69.99,ATX Mid Tower,White,Tempered Glass,2,330.0,330
Fractal Design Meshify 2 Compact,175.24,ATX Mid Tower,Black,,2,400.0,330
MagniumGear NEO QUBE 2,69.99,ATX Mid Tower,White,Tempered Glass,2,330.0,330
Fractal Design Torrent,189.99,ATX Mid Tower,White,Tempered Glass,2,400.0,330
Cooler Master HAF 500,84.99,ATX Mid Tower,Black,Tempered Glass,2,330.0,330
HYTE Y60,179.99,ATX Mid Tower,Red / Black,Tempered Glass,2,330.0,330
Lian Li O11D XL-W,388.23,ATX Full Tower,White / Black,Tempered Glass,4,330.0,400
Thermaltake S200 TG ARGB,79.98,ATX Mid Tower,White,Tempered Glass,2,400.0,330
be quiet! Pure Base 600,89.9,ATX Mid Tower,Black,,3,330.0,330
Phanteks NV9,239.99,ATX Full Tower,White,Tempered Glass,3,330.0,400
Cooler Master QUBE 500 Flatpack,71.99,ATX Mid Tower,White,Tempered Glass,4,400.0,330
Fractal Design Focus 2 RGB,79.99,ATX Mid Tower,White / Black,Tempered Glass,2,330.0,330
Phanteks Enthoo Pro,99.99,ATX Full Tower,Black,,6,330.0,400
Asus TUF Gaming GT502,154.99,ATX Mid Tower,White,Tempered Glass,4,330.0,330
Cougar MX330,56.0,ATX Mid Tower,Black,Acrylic,2,330.0,330
Fractal Design Meshify 2,119.98,ATX Mid Tower,Black,Tinted Tempered Glass,6,330.0,330
Thermaltake Tower 900 Snow Edition,234.98,ATX Full Tower,White,Tempered Glass,6,330.0,400
MUSETEX ‎TW8-S6 Mesh,79.98,ATX Mid Tower,Black,Tempered Glass,2,330.0,330
Corsair iCUE LINK 6500X RGB,269.99,ATX Mid Tower,Black,Tempered Glass,2,330.0,330
GAMDIAS NESO P1,149.99,ATX Full Tower,Black,Tempered Glass,5,330.0,400
Thermaltake V100 Perforated,49.99,ATX Mid Tower,Black,,2,330.0,330
Fractal Design Define 7 XL Dark,234.99,ATX Full Tower,Black,Tinted Tempered Glass,6,330.0,400
Zalman S5,69.98,ATX Mid Tower,White / Black,Tempered Glass,2,400.0,330
Thermaltake View 200 TG ARGB,79.98,ATX Mid Tower,Black,Tempered Glass,2,330.0,330
Deepcool CH560,89.99,ATX Mid Tower,White,Tempered Glass,2,330.0,330
Fractal Design Pop Air,89.99,ATX Mid Tower,Orange / Black,Tempered Glass,2,330.0,330
Fractal Design Pop Air,89.99,ATX Mid Tower,Cyan / Black,Tempered Glass,2,330.0,330
Thermaltake Versa H21,59.98,ATX Mid Tower,Black,,3,330.0,330
Fractal Design Define 7 Compact,114.99,ATX Mid Tower,Black,,2,330.0,330
Corsair iCUE 5000X RGB QL Edition,299.99,ATX Mid Tower,White,Tempered Glass,2,330.0,330
be quiet! Silent Base 802,159.9,ATX Mid Tower,Black,,3,330.0,330
Cougar Archon 2 Mesh RGB,66.98,ATX Mid Tower,Black,Tempered Glass,2,330.0,330
GameMax Nova N5,45.97,ATX Mid Tower,Black,Tempered Glass,2,330.0,330
Antec P101 Silent,99.99,ATX Mid Tower,Black,,8,330.0,330
GameMax Vista A,79.98,ATX Mid Tower,White,Tempered Glass,2,330.0,330
Lian Li V3000 PLUS White GGF Edition,475.45,ATX Full Tower,White,Tempered Glass,8,330.0,400
Cougar MX360 RGB,71.54,ATX Mid Tower,Black,Tempered Glass,2,330.0,330
DIYPC Rainbow-Flash-F4,53.97,ATX Mid Tower,Pink,Tempered Glass,2,400.0,330
Asus GX601,303.99,ATX Full Tower,White / Black,Tempered Glass,2,330.0,400
Fractal Design Pop Air,99.98,ATX Mid Tower,Pink / Black,Tempered Glass,2,330.0,330
Thermaltake The Tower 500,149.99,ATX Mid Tower,Black,Tempered Glass,8,330.0,330
Corsair iCUE 220T RGB Airflow,117.02,ATX Mid Tower,White,Tempered Glass,2,330.0,330
be quiet! Shadow Base 800,109.99,ATX Mid Tower,Black,Tempered Glass,2,330.0,330
Antec P20C,74.99,ATX Mid Tower,Black,Tempered Glass,2,330.0,330
be quiet! Pure Base 500,79.9,ATX Mid Tower,Black,Tempered Glass,2,400.0,330
Montech SKY TWO GX,89.0,ATX Mid Tower,Black,Tempered Glass,2,330.0,330
Cooler Master MasterBox TD500 Mesh V2,94.99,ATX Mid Tower,White,Tempered Glass,2,330.0,330
Lian Li LANCOOL III,134.99,ATX Mid Tower,White,Tempered Glass,4,400.0,330
Fractal Design Focus G,57.99,ATX Mid Tower,Black / Red,Acrylic,2,330.0,330
Deepcool CH780,129.99,ATX Full Tower,Black,Tempered Glass,2,330.0,400
Fractal Design Meshify 2 RGB,174.99,ATX Mid Tower,Black,Tempered Glass,6,400.0,330
MSI MAG VAMPIRIC 010,168.9,ATX Mid Tower,Black,Tempered Glass,2,330.0,330
Deepcool CH560 DIGITAL,114.99,ATX Mid Tower,White,Tempered Glass,2,330.0,330
Lian Li Lancool II Mesh C Performance,178.36,ATX Mid Tower,Black,Tempered Glass,3,330.0,330
MSI MPG GUNGNIR 120R,89.99,ATX Mid Tower,Black,Tempered Glass,2,400.0,330
Fractal Design Pop Air,99.98,ATX Mid Tower,White,Tempered Glass,2,330.0,330
Corsair Crystal Series 680X RGB,252.99,ATX Mid Tower,Black,Tempered Glass,3,400.0,330
Lian Li LANCOOL 205 Mesh C,101.99,ATX Mid Tower,White,Tempered Glass,2,330.0,330
Jonsbo D41 Mesh,104.0,ATX Mid Tower,Black,Tempered Glass,2,330.0,330
Thermaltake V250 TG ARGB,77.98,ATX Mid Tower,Black,Tempered Glass,2,400.0,330
HYTE Y40,129.0,ATX Mid Tower,Red / Black,Tempered Glass,1,330.0,330
Thermaltake Core P3 TG Pro,124.99,ATX Mid Tower,,Tempered Glass,4,330.0,330
Corsair 4000D,94.99,ATX Mid Tower,Black,Tempered Glass,2,330.0,330
Apevia Prism Elite,111.99,ATX Mid Tower,Pink,Tempered Glass,2,400.0,330
Vetroo AL-MESH-7C,69.98,ATX Mid Tower,White,Tempered Glass,2,330.0,330
Phanteks Eclipse P600S,119.99,ATX Mid Tower,Black,Tinted Tempered Glass,4,330.0,330
Montech KING 95 PRO,169.0,ATX Mid Tower,Blue / Black,Tempered Glass,5,330.0,330
GameMax Nova N6,47.91,ATX Mid Tower,Black,Tempered Glass,2,330.0,330
iBuypower Snowblind S,199.0,ATX Mid Tower,White,Tempered Glass,2,400.0,330
Thermaltake View 200 TG ARGB,63.99,ATX Mid Tower,White,Tempered Glass,2,330.0,330
Phanteks Enthoo Pro 2 Server Edition,144.99,ATX Full Tower,Black,,4,330.0,400
Corsair iCUE 5000X RGB,164.99,ATX Mid Tower,White / Gray,Tempered Glass,2,330.0,330
Cougar MX331 MESH-X,44.99,ATX Mid Tower,Black,,2,330.0,330
ADATA XPG INVADER X,169.0,ATX Mid Tower,Black,Tempered Glass,3,400.0,330
Zalman i4,69.98,ATX Mid Tower,Black,Mesh,2,330.0,330
Phanteks ECLIPSE G500A DRGB,109.99,ATX Mid Tower,White,Tempered Glass,2,330.0,330
MSI MEG PROSPECT 700R,309.99,ATX Mid Tower,Black,Tempered Glass,2,330.0,330
MSI MPG GUNGNIR 110R,99.0,ATX Mid Tower,White,Tempered Glass,2,330.0,330
Thermaltake Tower 900,304.98,ATX Full Tower,Black,Tempered Glass,6,330.0,400
Corsair iCUE LINK 6500X RGB,269.99,ATX Mid Tower,White,Tempered Glass,2,330.0,330
Cooler Master MasterCase H500 ARGB,138.99,ATX Mid Tower,Black,Tempered Glass,2,330.0,330
GAMDIAS APOLLO E2 ELITE,69.98,ATX Mid Tower,Black,Tempered Glass,2,330.0,330
Zalman S2,54.99,ATX Mid Tower,Black,Tempered Glass,2,330.0,330
MSI MEG MAESTRO 700L PZ,381.0,ATX Mid Tower,Black,Tempered Glass,0,330.0,330
Fractal Design Focus G,61.98,ATX Mid Tower,Black / Gray,Acrylic,2,330.0,330
NZXT H7 Elite (2022),199.99,ATX Mid Tower,,Tempered Glass,2,330.0,330
Deepcool MORPHEUS,159.99,ATX Full Tower,Black,Tempered Glass,2,330.0,400
Phanteks ECLIPSE G500A DRGB (Fanless),109.99,ATX Mid Tower,Black,Tempered Glass,2,330.0,330
Deepcool CH780,129.99,ATX Full Tower,White,Tempered Glass,2,400.0,400
Zalman S4,54.99,ATX Mid Tower,Black,Tinted Acrylic,2,330.0,330
APNX Creator C1,149.9,ATX Mid Tower,Black,Tempered Glass,3,400.0,330
Phanteks ECLIPSE G500A Performance,119.99,ATX Mid Tower,Black,Tempered Glass,2,330.0,330
be quiet! Dark Base 701,199.9,ATX Mid Tower,Black,Tempered Glass,2,330.0,330
Phanteks Enthoo Pro 2 Server Edition,169.99,ATX Full Tower,Black,Tempered Glass,4,330.0,400
be quiet! Pure Base 500,79.9,ATX Mid Tower,White,,2,400.0,330
Lian Li LANCOOL 215,99.99,ATX Mid Tower,White,Tempered Glass,2,400.0,330
Fractal Design Pop XL Silent,130.34,ATX Full Tower,Black,Tempered Glass,3,400.0,400
Corsair 6500D Airflow,199.99,ATX Mid Tower,White,Tempered Glass,2,330.0,330
Deepcool MATREXX 50,86.53,ATX Mid Tower,Black,Tempered Glass,2,330.0,330
Cooler Master HAF 700,288.98,ATX Full Tower,Black,Tempered Glass,9,330.0,400
Asus TUF Gaming GT501,154.99,ATX Mid Tower,White / Black,Tempered Glass,4,330.0,330
NZXT H7,99.99,ATX Mid Tower,White,Tempered Glass,2,400.0,330
Fractal Design Meshify 2 XL,204.99,ATX Full Tower,Black,Tinted Tempered Glass,6,330.0,400
Montech KING 95 PRO,169.0,ATX Mid Tower,Red / Black,Tempered Glass,5,330.0,330
Fractal Design Torrent RGB,229.99,ATX Mid Tower,White,Tempered Glass,2,330.0,330
Cooler Master Cosmos C700M,549.99,ATX Full Tower,Silver / Black,Tempered Glass,4,330.0,400
Cooler Master MasterCase H500M,219.95,ATX Mid Tower,Black,Tempered Glass,2,330.0,330
Montech SKY TWO,109.0,ATX Mid Tower,Blue,Tempered Glass,2,330.0,330
Phanteks Evolv X,169.99,ATX Mid Tower,Black,Tinted Tempered Glass,4,330.0,330
Gigabyte C200 Glass,67.98,ATX Mid Tower,Black,Tempered Glass,2,330.0,330
Zalman S3,54.99,ATX Mid Tower,Black,Tempered Glass,2,400.0,330
Gigabyte C301 GLASS,94.99,ATX Mid Tower,Black,Tempered Glass,2,400.0,330
Apevia Guardian-M,59.99,ATX Mid Tower,Black,Tempered Glass,2,330.0,330
Lian Li Lancool II Mesh C RGB,126.72,ATX Mid Tower,Black,Tempered Glass,3,330.0,330
MSI MPG VELOX 100R,139.0,ATX Mid Tower,White,Tempered Glass,2,400.0,330
Cooler Master MasterBox 520 Mesh,159.76,ATX Mid Tower,Black / White,Tempered Glass,2,330.0,330
Corsair 5000D CORE AIRFLOW,136.19,ATX Mid Tower,White,Tempered Glass,2,330.0,330
MSI MPG GUNGNIR 111R,236.2,ATX Mid Tower,Black,Tempered Glass,2,330.0,330
Cougar Duoface Pro RGB,99.99,ATX Mid Tower,Black,Tempered Glass,2,330.0,330
Corsair iCUE 5000T RGB,399.0,ATX Mid Tower,White / Gray,Tempered Glass,2,330.0,330
Azza Spectra,55.99,ATX Mid Tower,Black,Tempered Glass,2,330.0,330
Thermaltake View 71 TG RGB,191.99,ATX Full Tower,Black,Acrylic,7,330.0,400
NZXT H7 Elite (2022),199.99,ATX Mid Tower,,Tempered Glass,2,330.0,330
Thermaltake Ceres 300 TG ARGB,190.99,ATX Mid Tower,Green,Tempered Glass,1,330.0,330
Cooler Master N300,149.14,ATX Mid Tower,Black,Acrylic,7,330.0,330
Fractal Design Meshify 2,182.7,ATX Mid Tower,White / Black,Tempered Glass,6,330.0,330
be quiet! Pure Base 600,89.9,ATX Mid Tower,Black / Orange,Tempered Glass,3,330.0,330
Deepcool CH510 MESH DIGITAL,109.99,ATX Mid Tower,Black,Tempered Glass,2,330.0,330
Deepcool MATREXX 55 V3 ADD-RGB 3F,117.11,ATX Mid Tower,Black,Tempered Glass,2,330.0,330
be quiet! Shadow Base 800 FX,179.9,ATX Mid Tower,White,Tempered Glass,2,330.0,330
Aerocool Bolt,107.0,ATX Mid Tower,Black,Acrylic,2,330.0,330
Cooler Master QUBE 500 Flatpack Macaron Edition,83.99,ATX Mid Tower,Multicolor,Tempered Glass,4,330.0,330
BGears b-Voguish,55.99,ATX Mid Tower,Black,Tempered Glass,2,330.0,330
be quiet! Shadow Base 800 DX,139.9,ATX Mid Tower,Black,Tempered Glass,2,330.0,330
Antec DF600 FLUX,84.99,ATX Mid Tower,Black,Tempered Glass,3,330.0,330
Antec VSK4000E U3,72.0,ATX Mid Tower,Black,,5,330.0,330
Fractal Design Torrent Compact,178.47,ATX Mid Tower,Black,Tinted Tempered Glass,1,400.0,330
Cooler Master HAF 500,84.99,ATX Mid Tower,White,Tempered Glass,2,330.0,330
Thermaltake Level 20,754.96,ATX Full Tower,Black / Silver,Tempered Glass,8,330.0,400
Thermaltake The Tower 500,127.99,ATX Mid Tower,White,Tempered Glass,8,330.0,330
Fractal Design Define 7 XL Light,432.96,ATX Full Tower,Black,Tempered Glass,6,330.0,400
GameMax Typhoon COC,54.98,ATX Mid Tower,Black,Tempered Glass,2,330.0,330
Corsair 5000D CORE AIRFLOW,139.99,ATX Mid Tower,Black,Tinted Tempered Glass,2,330.0,330
BitFenix FLOW,69.9,ATX Mid Tower,Black,Tempered Glass,2,330.0,330
Fractal Design Meshify 2 Compact TG Dark Tint,148.5,ATX Mid Tower,Black,Tinted Tempered Glass,2,400.0,330
Antec AX90,74.99,ATX Mid Tower,Black,Tempered Glass,2,330.0,330
Gigabyte AORUS C500 GLASS,234.99,ATX Mid Tower,Black,Tempered Glass,2,400.0,330
Phanteks Eclipse P400A Digital,152.44,ATX Mid Tower,White,Tempered Glass,2,400.0,330
Cougar Archon 2 Mesh RGB,67.98,ATX Mid Tower,White,Tempered Glass,2,400.0,330
be quiet! Dark Base 700,350.0,ATX Mid Tower,Black,Tempered Glass,7,330.0,330
Apevia Prism Elite,108.99,ATX Mid Tower,Black,Tempered Glass,2,330.0,330
Cooler Master Cosmos C700P Black Edition,528.29,ATX Full Tower,Black,Tempered Glass,2,330.0,400
Asus TUF Gaming GT302 ARGB,310.88,ATX Mid Tower,Black,Tempered Glass,2,330.0,330
Jonsbo TK-2 2.0,153.0,ATX Mid Tower,Black,Tempered Glass,1,330.0,330
NZXT H7,129.99,ATX Mid Tower,Black,Tempered Glass,2,330.0,330
MagniumGear NEO QUBE 2,99.99,ATX Mid Tower,Black,Tempered Glass,2,330.0,330
Thermaltake View 51 ARGB Edition,179.99,ATX Full Tower,Black,Tempered Glass,2,330.0,400
Silverstone CS382,249.99,ATX Mid Tower,Black,,1,330.0,330
Thermaltake Core P3 TG Pro Snow,139.99,ATX Mid Tower,,Tempered Glass,4,330.0,330
Lian Li O11D XL-A,199.99,ATX Full Tower,Silver / Black,Tempered Glass,4,400.0,400
GAMDIAS ARGUS E4 ELITE,57.62,ATX Mid Tower,Black,Tempered Glass,2,330.0,330
Lian Li Lancool II Mesh,229.0,ATX Mid Tower,White,Tempered Glass,3,330.0,330
Aerocool Aero One Eclipse,62.49,ATX Mid Tower,White / Black,Tempered Glass,2,330.0,330
be quiet! Dark Base Pro 901,299.89,ATX Full Tower,White,Tempered Glass,2,330.0,400
NZXT H510i,170.95,ATX Mid Tower,Black,Tempered Glass,2,330.0,330
GameMax Vista A,85.99,ATX Mid Tower,Black,Tempered Glass,2,330.0,330
Fractal Design Focus 2,94.15,ATX Mid Tower,White / Black,Tempered Glass,2,330.0,330
Antec Dark League DF800 FLUX,94.99,ATX Mid Tower,Black,Tempered Glass,3,330.0,330
Thermaltake CTE T500 Air,115.99,ATX Full Tower,White,Tempered Glass,4,330.0,400
Thermaltake Ceres 500,149.99,ATX Mid Tower,Black,Tempered Glass,2,400.0,330
GAMDIAS TALOS E3 WH,59.99,ATX Mid Tower,White / Black,Tempered Glass,2,330.0,330
Thermaltake Core X71,149.99,ATX Full Tower,Black,Acrylic,3,330.0,400
Antec NX416L,89.99,ATX Mid Tower,Black,Tempered Glass,2,330.0,330
GAMDIAS NESO P1,149.99,ATX Full Tower,White,Tempered Glass,5,330.0,400
MSI MPG GUNGNIR 300R AIRFLOW,149.99,ATX Mid Tower,White,Tempered Glass,2,400.0,330
Anidees AI CRYSTAL XL PRO LITE,299.89,ATX Full Tower,Black,Tempered Glass,0,330.0,400
be quiet! Pure Base 600,89.9,ATX Mid Tower,Black,Tempered Glass,3,330.0,330
Cougar MX410 MESH-G RGB,70.98,ATX Mid Tower,Black,Tempered Glass,2,330.0,330
BitFenix Nova Mesh SE,67.9,ATX Mid Tower,White,Tempered Glass,2,400.0,330
RAIJINTEK Silenos,52.52,ATX Mid Tower,Black,Tempered Glass,2,330.0,330
Thermaltake CTE T500 Air,155.36,ATX Full Tower,Black,Tempered Glass,4,330.0,400
Thermaltake H550 TG ARGB,221.65,ATX Mid Tower,Black,Tempered Glass,2,330.0,330
Thermaltake CTE C750 Air ARGB,179.07,ATX Full Tower,Black,Tempered Glass,7,330.0,400
Deepcool MATREXX 55 V3 ADD-RGB WH 3F,82.86,ATX Mid Tower,White / Black,Tempered Glass,2,330.0,330
Thermaltake Ceres 300 TG ARGB,89.99,ATX Mid Tower,White,Tempered Glass,1,330.0,330
Apevia Prism Elite,108.99,ATX Mid Tower,White,Tempered Glass,2,330.0,330
Cooler Master MasterCase H500,138.99,ATX Mid Tower,Black,Tinted Tempered Glass,2,330.0,330
Thermaltake Core P8 TG,234.98,ATX Full Tower,Black,Tempered Glass,3,330.0,400
Antec NX360,111.67,ATX Mid Tower,Black,Tempered Glass,1,400.0,330
Cooler Master MasterCase H500P Mesh ARGB,159.0,ATX Mid Tower,White,Tempered Glass,2,330.0,330
Phanteks Eclipse P500A D-RGB,141.18,ATX Mid Tower,Black,Tempered Glass,2,330.0,330
Silverstone RM42-502,338.84,ATX Mid Tower,Black,,0,330.0,330
Phanteks Enthoo 719,169.99,ATX Full Tower,Black,Tempered Glass,4,330.0,400
Fractal Design Torrent,252.66,ATX Mid Tower,Gray,Tinted Tempered Glass,2,330.0,330
Fractal Design Define 7 Dark,189.99,ATX Mid Tower,Black,Tinted Tempered Glass,6,330.0,330
Fractal Design Torrent Compact,216.89,ATX Mid Tower,White,Tempered Glass,1,330.0,330
Thermaltake Core P3,137.12,ATX Mid Tower,Black,Tempered Glass,2,330.0,330
Gigabyte C301 GLASS,99.99,ATX Mid Tower,White,Tempered Glass,2,330.0,330
Fractal Design Define C,124.07,ATX Mid Tower,Black,,2,330.0,330
Fractal Design Meshify 2 RGB,174.99,ATX Mid Tower,White / Black,Tempered Glass,6,330.0,330
KOLINK Horizon,235.39,ATX Mid Tower,Black,Tempered Glass,2,330.0,330
Apevia Enzo,59.99,ATX Mid Tower,White,Tempered Glass,3,330.0,330
MagniumGear Neo Air 2,69.99,ATX Mid Tower,White / Brown,Tempered Glass,2,330.0,330
Fractal Design Meshify 2 Compact Lite RGB,158.74,ATX Mid Tower,Black,Tinted Tempered Glass,2,330.0,330
Azza Pyramid L,399.99,ATX Mid Tower,Gray / Black,Tempered Glass,1,400.0,330
SHARKOON TG6 RGB,80.56,ATX Mid Tower,Black,Tempered Glass,3,330.0,330
Corsair iCUE 4000D RGB Airflow QL Edition,249.99,ATX Mid Tower,White,Tempered Glass,2,330.0,330
APNX Creator C1,155.9,ATX Mid Tower,White,Tempered Glass,3,330.0,330
Corsair iCUE 465X RGB,228.0,ATX Mid Tower,White / Black,Tempered Glass,2,330.0,330
Corsair Crystal Series 680X RGB,274.99,ATX Mid Tower,White / Black,Tempered Glass,3,330.0,330
RAIJINTEK PAEAN C7,69.99,ATX Mid Tower,White,Tempered Glass,2,330.0,330
be quiet! Silent Base 601,129.9,ATX Mid Tower,Black,,3,330.0,330
Antec Performance 1 FT,134.99,ATX Full Tower,White,Tempered Glass,2,330.0,400
Apevia Guardian-M,76.98,ATX Mid Tower,Pink,Tempered Glass,2,400.0,330
Cooler Master MasterFrame 700,174.99,ATX Full Tower,Black,Tempered Glass,4,330.0,400
APNX Creator C1 ChromaFlair,169.9,ATX Mid Tower,Purple / Blue,Tempered Glass,3,330.0,330
MagniumGear NEO QUBE 2 Infinity Mirror,119.99,ATX Mid Tower,Black,Tempered Glass,2,330.0,330
Antec P20C ARGB,116.53,ATX Mid Tower,Black,Tempered Glass,2,330.0,330
Cougar MX330-G Pro,74.31,ATX Mid Tower,Black,Tempered Glass,2,330.0,330
be quiet! Pure Base 500,79.9,ATX Mid Tower,White,Tempered Glass,2,330.0,330
Azza Aero,109.99,ATX Mid Tower,Black,Mesh,2,330.0,330
Deepcool MORPHEUS,169.98,ATX Full Tower,White,Tempered Glass,2,330.0,400
Thermaltake AH T600 Snow,299.99,ATX Full Tower,White / Black,Tempered Glass,2,330.0,400
Lian Li ODYSSEY X,137.98,ATX Full Tower,Black,Tempered Glass,3,330.0,400
Thermaltake Core P6,159.99,ATX Mid Tower,Black,Tempered Glass,4,330.0,330
GameMax HYPE,119.98,ATX Mid Tower,Black,Tempered Glass,2,330.0,330
Thermaltake Core P6,189.24,ATX Mid Tower,White / Black,Tempered Glass,4,330.0,330
GAMDIAS NESO P1,138.88,ATX Full Tower,Black / White,Tempered Glass,5,330.0,400
Antec DF700 FLUX,99.99,ATX Mid Tower,White,Tempered Glass,3,330.0,330
Deepcool CK560,133.41,ATX Mid Tower,White / Black,Tempered Glass,2,330.0,330
Thermaltake View 270,69.99,ATX Mid Tower,Green / Black,Tempered Glass,2,330.0,330
Thermaltake Core P6,199.99,ATX Mid Tower,Green / Black,Tempered Glass,4,330.0,330
Fractal Design Define R6,195.15,ATX Mid Tower,Black / White,,6,330.0,330
Thermaltake View 71 TG Snow,219.99,ATX Full Tower,White,Acrylic,7,330.0,400
YEYIAN Lancer,69.98,ATX Mid Tower,Black,Tempered Glass,2,330.0,330
SHARKOON VS8,53.6,ATX Mid Tower,Black,,2,330.0,330
NZXT H5 Flow,129.99,ATX Mid Tower,White / Blue,Tempered Glass,1,330.0,330
Montech KING 95,125.0,ATX Mid Tower,Blue / Black,Tempered Glass,5,330.0,330
be quiet! Pure Base 500,84.9,ATX Mid Tower,Gray,Tempered Glass,2,330.0,330
Fractal Design Torrent Compact RGB,235.05,ATX Mid Tower,White,Tempered Glass,1,330.0,330
Thermaltake Core P3 TG Snow Edition,129.99,ATX Mid Tower,White,Tempered Glass,2,400.0,330
Antec TORQUE,379.99,ATX Mid Tower,Black / Red,Tempered Glass,1,330.0,330
Jonsbo D41 Mesh,106.0,ATX Mid Tower,White,Tempered Glass,2,330.0,330
Thermaltake AH T600,229.5,ATX Full Tower,Black,Tempered Glass,2,330.0,400
Thermaltake View 51 Snow ARGB Edition,179.99,ATX Full Tower,White,Tempered Glass,2,330.0,400
Fractal Design Meshify 2 Lite,155.85,ATX Mid Tower,Black,Tempered Glass,2,330.0,330
Azza Spectra,59.99,ATX Mid Tower,White,Tempered Glass,2,330.0,330
Cooler Master CMP 510,119.13,ATX Mid Tower,Black,Tempered Glass,2,330.0,330
Cooler Master MasterBox MB530P,119.99,ATX Mid Tower,Black,Tempered Glass,2,330.0,330
GAMDIAS ATLAS M1,92.99,ATX Mid Tower,Black,Tempered Glass,1,330.0,330
FSP Group CUT593A,104.99,ATX Full Tower,Black,Tempered Glass,3,330.0,400
Phanteks Enthoo Series Primo Aluminum,229.99,ATX Full Tower,Black,Acrylic,6,330.0,400
BGears b-Optillusion,56.99,ATX Mid Tower,Black,Tempered Glass,1,330.0,330
Antec P20C,74.99,ATX Mid Tower,White,Tempered Glass,2,330.0,330
Thermaltake Divider 370 TG Snow ARGB,99.99,ATX Mid Tower,White / Black,Tempered Glass,2,330.0,330
Vetroo AL700,84.99,ATX Mid Tower,White,Tempered Glass,1,400.0,330
Fractal Design Meshify 2 Compact White TG Clear Tint,183.06,ATX Mid Tower,White / Black,Tempered Glass,2,400.0,330
Cooler Master Silencio S600,137.68,ATX Mid Tower,Black,,4,330.0,330
Phanteks Eclipse P600S,119.99,ATX Mid Tower,Black,,4,330.0,330
Fractal Design Meshify 2,200.9,ATX Mid Tower,Gray,Tinted Tempered Glass,6,330.0,330
Phanteks Eclipse P400,212.49,ATX Mid Tower,Black,Tinted Tempered Glass,2,330.0,330
be quiet! Silent Base 802,164.9,ATX Mid Tower,White,Tempered Glass,3,330.0,330
GameMax Contac Turbo COC,65.99,ATX Mid Tower,White / Black,Tempered Glass,2,330.0,330
BitFenix Tracery,79.9,ATX Mid Tower,Black,Tempered Glass,4,330.0,330
Corsair Obsidian Series 500D Premium,392.27,ATX Mid Tower,Black,Tinted Tempered Glass,2,330.0,330
MagniumGear NEO QUBE 2 Infinity Mirror,99.99,ATX Mid Tower,White,Tempered Glass,2,330.0,330
HYTE Y60 Hakos Baelz,280.0,ATX Mid Tower,Red / Black,Tempered Glass,2,330.0,330
Corsair iCUE 220T RGB,109.95,ATX Mid Tower,Black,Tempered Glass,2,330.0,330
Segotep Phoenix T1,119.99,ATX Mid Tower,Black,Tempered Glass,2,330.0,330
MSI MPG SEKIRA 500X,209.55,ATX Mid Tower,Black,Tempered Glass,4,330.0,330
Raidmax X616,69.98,ATX Mid Tower,Black,Tempered Glass,2,330.0,330
BitFenix Nova Mesh SE,67.9,ATX Mid Tower,White / Purple,Tempered Glass,2,330.0,330
Fractal Design Pop Silent,115.75,ATX Mid Tower,Black,Tempered Glass,2,330.0,330
Fractal Design Define 7 Light,219.82,ATX Mid Tower,Black,Tempered Glass,6,330.0,330
be quiet! Silent Base 802,149.9,ATX Mid Tower,White,,3,330.0,330
Thermaltake Ceres 330 ARGB,113.83,ATX Mid Tower,Blue,Tempered Glass,1,330.0,330
Corsair 5000D,164.99,ATX Mid Tower,Black,Tempered Glass,2,330.0,330
Fractal Design Meshify 2 Compact Lite,212.5,ATX Mid Tower,Black,Tinted Tempered Glass,2,330.0,330
ADATA XPG STARKER AIR,69.99,ATX Mid Tower,Black,Tempered Glass,2,330.0,330
Cougar PANZER MAX-G,173.99,ATX Full Tower,Black,Tempered Glass,2,330.0,400
Phanteks Eclipse P600S,139.99,ATX Mid Tower,White,Tempered Glass,4,330.0,330
Fractal Design Define R6,218.91,ATX Mid Tower,Black / White,Tempered Glass,6,330.0,330
Thermaltake S300 Tempered Glass Edition,104.98,ATX Mid Tower,Black,Tempered Glass,2,330.0,330
be quiet! Pure Base 600,110.38,ATX Mid Tower,Black / Silver,,3,330.0,330
ADATA XPG INVADER,69.98,ATX Mid Tower,Black,Tempered Glass,2,330.0,330
Lian Li LANCOOL 205 Mesh,195.0,ATX Mid Tower,Black,Tempered Glass,2,330.0,330
be quiet! Dark Base 701,239.9,ATX Mid Tower,White,Tempered Glass,2,330.0,330
Rosewill CULLINAN,247.99,ATX Mid Tower,Black,Tempered Glass,3,330.0,330
Fractal Design Torrent,314.04,ATX Mid Tower,Black,Tinted Tempered Glass,2,330.0,330
GAMDIAS NESO P1,137.32,ATX Full Tower,Black / Red,Tempered Glass,5,400.0,400
Fractal Design Define 7,302.49,ATX Mid Tower,White,Tempered Glass,6,330.0,330
Antec P20CE,99.99,ATX Mid Tower,Black,,2,330.0,330
Thermaltake CTE C750 Air ARGB,175.74,ATX Full Tower,White,Tempered Glass,7,330.0,400
Antec NX416L,89.99,ATX Mid Tower,White,Tempered Glass,2,330.0,330
Cougar PANZER EVO RGB,190.99,ATX Full Tower,Black,Tempered Glass,2,330.0,400
Thermaltake Core V71 TG,254.33,ATX Full Tower,Black,Tempered Glass,8,330.0,400
Fractal Design Define 7,217.24,ATX Mid Tower,Gray,,6,330.0,330
GAMDIAS ATHENA P1,89.99,ATX Mid Tower,Black,Tempered Glass,2,330.0,330
Fractal Design Pop Silent,106.95,ATX Mid Tower,White,Tempered Glass,2,330.0,330
Apevia Genesis-BK,79.98,ATX Mid Tower,Black,Tempered Glass,3,330.0,330
Lian Li ODYSSEY X,395.0,ATX Full Tower,Silver / Black,Tempered Glass,3,330.0,400
Montech SKY ONE LITE,116.59,ATX Mid Tower,Black,Tempered Glass,2,330.0,330
Fractal Design Define 7 Compact,117.98,ATX Mid Tower,Black,Tempered Glass,2,330.0,330
Silverstone SETA D1,157.05,ATX Mid Tower,Black,,8,330.0,330
Silverstone FARA R1 PRO V2,121.35,ATX Mid Tower,Black,Tempered Glass,2,330.0,330
Fractal Design Meshify 2 Lite,266.1,ATX Mid Tower,White / Black,Tempered Glass,2,330.0,330
Zalman Z7 NEO,79.98,ATX Mid Tower,Black,Tempered Glass,2,330.0,330
Cooler Master MasterBox 520 Mesh,161.03,ATX Mid Tower,White,Tempered Glass,2,330.0,330
Apevia Genesis Pro,85.99,ATX Mid Tower,White,Tempered Glass,3,330.0,330
GameMax Contac Turbo COC,68.99,ATX Mid Tower,Pink / White,Tempered Glass,2,330.0,330
Vetroo K1,139.99,ATX Mid Tower,Silver,Tempered Glass,2,330.0,330
Thermaltake View 71 ARGB,234.98,ATX Full Tower,Black,Tempered Glass,7,330.0,400
Antec NX260,115.9,ATX Mid Tower,Black,Tempered Glass,2,330.0,330
BitFenix Saber Mesh,152.39,ATX Mid Tower,White,Tempered Glass,2,400.0,330
Fractal Design Define R6 USB-C,211.85,ATX Mid Tower,Black / White,Tempered Glass,6,330.0,330
Jonsbo TK-2 2.0,176.0,ATX Mid Tower,White,Tempered Glass,1,330.0,330
Fractal Design Define 7,443.98,ATX Mid Tower,Black / White,Tempered Glass,6,330.0,330
Antec P120 Crystal,119.99,ATX Mid Tower,Black,Tempered Glass,2,330.0,330
Apevia CRUSADER-F-PK,76.98,ATX Mid Tower,Pink,Tempered Glass,2,330.0,330
Corsair 5000D,164.99,ATX Mid Tower,White / Gray,Tempered Glass,2,330.0,330
Asus TUF Gaming GT501 Demon Slayer Edition,269.0,ATX Mid Tower,Yellow / Black,Tempered Glass,4,330.0,330
Gigabyte AORUS C300,151.99,ATX Mid Tower,Black,Tinted Tempered Glass,2,,330
KOLINK KLA-002,94.08,ATX Mid Tower,Black,,3,,330
Corsair iCUE 5000X RGB Neon Night,249.99,ATX Mid Tower,Black / Purple,Tempered Glass,2,,330
Cougar Cratus,435.99,ATX Mid Tower,Black,Tempered Glass,2,,330
Apevia Matrix,59.99,ATX Mid Tower,Black,Tempered Glass,3,,330
Montech SKY TWO GX,95.0,ATX Mid Tower,White,Tempered Glass,2,,330
Phanteks Enthoo 719,169.99,ATX Full Tower,Gray,Tempered Glass,4,,400
Thermaltake Ceres 500,149.99,ATX Mid Tower,White,Tempered Glass,2,,330
Cougar Duoface RGB,79.99,ATX Mid Tower,White,Tempered Glass,2,,330
In Win ModFree Deluxe,249.0,ATX Full Tower,Black,Tempered Glass,1,,400
be quiet! Pure Base 500,84.9,ATX Mid Tower,Gray,,2,,330
Cooler Master MasterBox MB600L V2,85.67,ATX Mid Tower,Black,,2,,330
Deepcool Quadstellar Infinity,350.4,ATX Mid Tower,Black,Tempered Glass,3,,330
Thermaltake CTE C750 ARGB,179.99,ATX Full Tower,Black,Tempered Glass,7,,400
KOLINK Observatory Z Mesh,239.64,ATX Mid Tower,Black,Tempered Glass,2,,330
Montech KING 95,119.0,ATX Mid Tower,Red / Black,Tempered Glass,5,,330
Fractal Design Meshify 2 Compact Lite,128.84,ATX Mid Tower,White,Tempered Glass,2,,330
Fractal Design Meshify 2 Compact RGB,254.41,ATX Mid Tower,White,Tempered Glass,2,,330
RAIJINTEK ASTERION CLASSIC,99.9,ATX Full Tower,Silver,Tempered Glass,3,,400
ADATA XPG Battlecruiser,109.99,ATX Mid Tower,White / Black,Tempered Glass,2,,330
SHARKOON VS9 RGB,71.73,ATX Mid Tower,White,Tempered Glass,2,,330
Silverstone FARA 513 Type-C,86.79,ATX Mid Tower,Black,,2,,330
Cooler Master CMP 510,99.99,ATX Mid Tower,Black,Tempered Glass,2,,330
Cooler Master MasterBox MB500,188.99,ATX Mid Tower,Black,Tempered Glass,2,,330
BGears ‎b-BlackWidow-RGB,85.83,ATX Mid Tower,Black,Tinted Tempered Glass,2,,330
be quiet! Dark Base 900,375.0,ATX Full Tower,Black / Silver,,7,,400
Deepcool MACUBE 310,115.31,ATX Mid Tower,White,Tempered Glass,2,,330
Montech SKY ONE LITE,79.9,ATX Mid Tower,White,Tempered Glass,2,,330
Thermaltake CTE C700 Air,155.36,ATX Mid Tower,Black,Tempered Glass,7,,330
Cougar MX600 RGB,179.47,ATX Full Tower,White,Tempered Glass,1,,400
Enermax StarryKnight SK30 V2,101.99,ATX Mid Tower,Black,Tempered Glass,2,,330
RAIJINTEK Silenos Pro,59.99,ATX Mid Tower,Black,Tempered Glass,2,,330
Fractal Design Define 7,456.83,ATX Mid Tower,White,,6,,330
Phanteks Evolv X,179.99,ATX Mid Tower,White,Tempered Glass,4,,330
Cooler Master MasterCase H500P Mesh,159.0,ATX Mid Tower,White,Acrylic,2,,330
Thermaltake S300 Tempered Glass Snow Edition,99.99,ATX Mid Tower,White,Tempered Glass,2,,330
Apevia Destiny Pro,89.99,ATX Mid Tower,Pink / Black,Tempered Glass,2,,330
be quiet! Shadow Base 800 DX,149.9,ATX Mid Tower,White,Tempered Glass,2,,330
Jonsbo MOD5,308.0,ATX Mid Tower,Gray,Tempered Glass,1,,330
SHARKOON REV 100,59.71,ATX Mid Tower,Black,Tempered Glass,3,,330
BGears b-Voguish RGB,84.99,ATX Mid Tower,Black,Tempered Glass,2,,330
Antec P10 FLUX,84.99,ATX Mid Tower,Black,,3,,330
GameMax Aero,69.49,ATX Mid Tower,Black / White,Tempered Glass,2,,330
Fractal Design Meshify 2 Lite,263.47,ATX Mid Tower,Black,Tempered Glass,2,,330
NZXT H510i Rivals,148.9,ATX Mid Tower,Yellow / Black,Tempered Glass,2,,330
Thermaltake CTE C700 TG ARGB,109.63,ATX Mid Tower,Black,Tempered Glass,7,,330
Thermaltake Ceres 330 ARGB,109.99,ATX Mid Tower,Black,Tempered Glass,1,,330
Fractal Design Define 7 Compact,183.24,ATX Mid Tower,Black,Tinted Tempered Glass,2,,330
ADATA XPG DEFENDER,79.99,ATX Mid Tower,Black,Tempered Glass,2,,330
be quiet! Dark Base 900,370.0,ATX Full Tower,Black / Orange,,7,,400
Antec P10C,176.87,ATX Mid Tower,Black,,3,,330
Zalman Z3 Iceberg,59.99,ATX Mid Tower,Black,Tempered Glass,2,,330
Cougar Duoface Pro RGB,122.85,ATX Mid Tower,White,Tempered Glass,2,,330
Apevia Genesis Pro,85.99,ATX Mid Tower,Pink,Tempered Glass,3,,330
ADATA XPG CRUISER,89.99,ATX Mid Tower,Black,Tempered Glass,4,,330
Thermaltake Divider 370 TG ARGB,93.99,ATX Mid Tower,Black,Tempered Glass,2,,330
Thermaltake Core P90,184.98,ATX Mid Tower,Black,Tinted Tempered Glass,3,,330
Apevia Genesis Pro,83.99,ATX Mid Tower,Black,Tempered Glass,3,,330
ADATA XPG INVADER,69.98,ATX Mid Tower,White,Tempered Glass,2,,330
Cougar MX330-F,74.9,ATX Mid Tower,Black,Acrylic,2,,330
Thermaltake View 31 TG,79.98,ATX Mid Tower,Black,Acrylic,3,,330
Jonsbo TK-3,132.0,ATX Mid Tower,Black,Tempered Glass,2,,330
Thermaltake Core P6,234.98,ATX Mid Tower,Blue / Black,Tempered Glass,4,,330
Lian Li LANCOOL 205 Mesh,195.0,ATX Mid Tower,White / Black,Tempered Glass,2,,330
Thermaltake CTE E600,175.74,ATX Mid Tower,Black,Tempered Glass,2,,330
Thermaltake CTE C750 ARGB,179.99,ATX Full Tower,White,Tempered Glass,7,,400
Thermaltake CTE T500,168.77,ATX Full Tower,Black,Tempered Glass,4,,400
SHARKOON Rebel C70M RGB,127.75,ATX Mid Tower,Brown / Black,Mesh,3,,330
In Win A5,105.0,ATX Mid Tower,Black,Tempered Glass,2,,330
Antec P7 NEO,74.98,ATX Mid Tower,Black,,2,,330
GameMax Abyss TR,89.98,ATX Mid Tower,Black,Tempered Glass,3,,330
Fractal Design Define 7 Compact,160.12,ATX Mid Tower,White,Tempered Glass,2,,330
Fractal Design Meshify 2 Compact TG Light Tint,159.49,ATX Mid Tower,Gray / Black,Tempered Glass,2,,330
ADATA XPG STARKER AIR,69.98,ATX Mid Tower,White / Black,Tempered Glass,2,,330
Thermaltake Ceres 330 ARGB,109.99,ATX Mid Tower,White,Tempered Glass,1,,330
Cougar MX430 Air RGB,118.7,ATX Mid Tower,Black,Tempered Glass,2,,330
Silverstone FARA R1,79.16,ATX Mid Tower,White / Black,Tempered Glass,1,,330
Jonsbo Jonsplus i400,497.83,ATX Mid Tower,Silver,Tempered Glass,6,,330
Thermaltake H570 TG ARGB,119.99,ATX Mid Tower,White,Tempered Glass,2,,330
Jonsbo TK-3,132.0,ATX Mid Tower,White,Tempered Glass,2,,330
Zalman Z3 Iceberg,59.99,ATX Mid Tower,White,Tempered Glass,2,,330
Geometric Future M4 Caliburn,89.9,ATX Mid Tower,Black / Silver,Tempered Glass,2,,330
CiT Mirage F6,140.74,ATX Mid Tower,Black,Tempered Glass,2,,330
Azza Celesta 340F,60.99,ATX Mid Tower,Black,Tempered Glass,2,,330
Silverstone FARA R1 PRO,83.98,ATX Mid Tower,Black,Tempered Glass,1,,330
KOLINK UNITY CODE X,246.4,ATX Mid Tower,Black,Tempered Glass,2,,330
Azza Legionaire 470,93.99,ATX Mid Tower,Black,Mesh,2,,330
ADATA XPG INVADER X,169.0,ATX Mid Tower,White,Tempered Glass,3,,330
be quiet! Silent Base 601,129.9,ATX Mid Tower,Black,Tempered Glass,3,,330
GAMDIAS ATLAS M1,89.99,ATX Mid Tower,White,Tempered Glass,1,,330
GAMDIAS ATHENA M1 ELITE,69.99,ATX Mid Tower,Black,Tempered Glass,2,,330
Apevia Predator,73.98,ATX Mid Tower,Black,Tempered Glass,3,,330
Asus TUF Gaming GT301,199.99,ATX Mid Tower,Pink / Black,Tempered Glass,2,,330
Thermaltake CTE E600,172.91,ATX Mid Tower,Blue,Tempered Glass,2,,330
Cougar MX330-G Pro,102.13,ATX Mid Tower,White,Tempered Glass,2,,330
Thermaltake CTE C700 TG ARGB,145.97,ATX Mid Tower,White,Tempered Glass,7,,330
NZXT H510i All Might,148.9,ATX Mid Tower,Blue / Red,Tempered Glass,2,,330
Antec P7 Silent,95.18,ATX Mid Tower,Black / Silver,,2,,330
ADATA XPG Battlecruiser,109.99,ATX Mid Tower,Black,Tempered Glass,2,,330
GameMax Titan Silent,117.99,ATX Mid Tower,Black,,8,,330
Corsair iCUE 5000X RGB Glitch,249.99,ATX Mid Tower,Black / Blue,Tempered Glass,2,,330
Enermax LIBLLUSSION LL30,65.0,ATX Mid Tower,Black,Tempered Glass,2,,330
Silverstone CS380,330.51,ATX Mid Tower,Black,,8,,330
DIYPC Rainbow-Flash-F4,121.81,ATX Mid Tower,Black,Tempered Glass,2,,330
Apevia Enzo,59.99,ATX Mid Tower,Black,Tempered Glass,3,,330
ADATA XPG DEFENDER PRO,89.99,ATX Mid Tower,Black,Tempered Glass,2,,330
Thermaltake Divider 300 TG,109.99,ATX Mid Tower,Black,Tempered Glass,2,,330
Thermaltake View 300 MX Snow TG ARGB,144.98,ATX Mid Tower,White,Tempered Glass,2,,330
Antec DP505,88.0,ATX Mid Tower,White,Tempered Glass,2,,330
Geometric Future Model 6,99.9,ATX Mid Tower,Black / Yellow,Tinted Tempered Glass,4,,330
FSP Group CUT593P,134.99,ATX Full Tower,Black,Tempered Glass,3,,400
Thermaltake CTE C700 Air,119.99,ATX Mid Tower,White,Tempered Glass,7,,330
Azza Hive 450,68.99,ATX Mid Tower,Black,Tempered Glass,2,,330
Thermaltake CTE E600,179.99,ATX Mid Tower,White,Tempered Glass,2,,330
SHARKOON TG7M RGB,324.81,ATX Mid Tower,Black,Tempered Glass,2,,330
Thermaltake Level 20 RS ARGB,119.96,ATX Mid Tower,Black,Tempered Glass,3,,330
Silverstone SETA A1,146.38,ATX Mid Tower,Pink / Silver,Tempered Glass,2,,330
ADATA XPG Battlecruiser II,179.99,ATX Mid Tower,Black,Tempered Glass,5,,330
Azza Regis,399.99,ATX Mid Tower,Black,Tempered Glass,1,,330
Aerocool Menace Saturn RGB,78.64,ATX Mid Tower,Black,Tempered Glass,2,,330
be quiet! Silent Base 601,165.54,ATX Mid Tower,Black / Orange,Tempered Glass,3,,330
Apevia Destiny Flow,81.99,ATX Mid Tower,Black,Tempered Glass,2,,330
BitFenix Tracery,79.9,ATX Mid Tower,White,Tempered Glass,4,,330
Azza Cube 802 RGB,336.99,ATX Mid Tower,Black,Tempered Glass,1,,330
Segotep Phoenix T1,119.99,ATX Mid Tower,White,Tempered Glass,2,,330
KOLINK Observatory Z,93.19,ATX Mid Tower,Black,Tempered Glass,2,,330
In Win ModFree Base,160.0,ATX Full Tower,Black,Tempered Glass,1,,400
Cooler Master Elite 500 ODD,101.47,ATX Mid Tower,Black,Tempered Glass,2,,330
Thermaltake CTE T500,109.99,ATX Full Tower,White,Tempered Glass,4,,400
Geometric Future M4 King Arthur,79.9,ATX Mid Tower,White,Tempered Glass,2,,330
Azza Pyramid Mesh,399.99,ATX Mid Tower,Silver / Black,Mesh,1,,330
Thermaltake View 300 MX,144.98,ATX Mid Tower,Black,Tempered Glass,2,,330
GameMax Silent Max,121.99,ATX Mid Tower,Black,,8,,330
Thermaltake Versa H24,139.0,ATX Mid Tower,Black,,3,,330
NOX Hummer TGM,218.83,ATX Mid Tower,,Tempered Glass,2,,330
CiT Blade ARGB,73.33,ATX Mid Tower,Black,Tempered Glass,2,,330
Apevia Destiny Pro,88.99,ATX Mid Tower,White / Black,Tempered Glass,2,,330
SHARKOON REV 200,94.2,ATX Mid Tower,Black,Tempered Glass,2,,330
ADATA XPG STARKER,69.99,ATX Mid Tower,Black,Tempered Glass,2,,330
RAIJINTEK Thetis,120.84,ATX Mid Tower,Silver,Acrylic,2,,330
Geometric Future Model 6,99.9,ATX Mid Tower,Black / Yellow,Tinted Tempered Glass,4,,330
Cougar Archon 2 RGB,120.0,ATX Mid Tower,Black,Tempered Glass,2,,330
Silverstone TJ04B-E,251.71,ATX Mid Tower,Black,,9,,330
Azza Eclipse 440,63.99,ATX Mid Tower,Black,Tempered Glass,2,,330
Apevia Predator,74.98,ATX Mid Tower,White,Tempered Glass,3,,330
Apevia Genesis-WH,79.98,ATX Mid Tower,White / Black,Tempered Glass,3,,330
Cougar DarkBlader X7,160.9,ATX Mid Tower,Black / Green,Tempered Glass,2,,330
Silverstone FARA 511Z,91.96,ATX Mid Tower,Black,Tempered Glass,2,,330
Thermaltake Urban S31 Window,95.99,ATX Mid Tower,White,Acrylic,6,,330
be quiet! Silent Base 601,149.9,ATX Mid Tower,Black / Silver,Tempered Glass,3,,330
Silverstone PM02-G,134.99,ATX Mid Tower,Black / Red,Tempered Glass,3,,330
GameMax Dragon Knight,128.99,ATX Mid Tower,Black,Acrylic,8,,330
Cougar DarkBlader X5 RGB,191.84,ATX Mid Tower,Black,Tempered Glass,2,,330
Silverstone FARA 512Z,102.8,ATX Mid Tower,Black,Tempered Glass,2,,330
be quiet! Silent Base 601,250.0,ATX Mid Tower,Black / Orange,,3,,330
ADATA XPG Battlecruiser II,179.99,ATX Mid Tower,White,Tempered Glass,5,,330
Azza Octane A,84.99,ATX Mid Tower,Black,Tempered Glass,2,,330
Apevia Matrix,75.98,ATX Mid Tower,Pink,Tempered Glass,3,,330
Geometric Future Model 8,149.9,ATX Mid Tower,Black / White,Tinted Tempered Glass,6,,330
Thermaltake Divider 500 TG ARGB,136.33,ATX Mid Tower,Black,Tempered Glass,2,,330
Corsair iCUE 5000X RGB Planetary,249.99,ATX Mid Tower,Black / Orange,Tempered Glass,2,,330
Silverstone FARA R1 PRO,99.86,ATX Mid Tower,White,Tempered Glass,1,,330
GameMax Kreator,68.99,ATX Mid Tower,Black,Tempered Glass,2,,330
ADATA XPG STARKER,69.99,ATX Mid Tower,White,Tempered Glass,2,,330
ADATA XPG DEFENDER,79.99,ATX Mid Tower,White / Black,Tempered Glass,2,,330
Geometric Future Model 8,159.9,ATX Mid Tower,Black / Blue,Tinted Tempered Glass,6,,330
BitFenix Dawn TG,109.9,ATX Mid Tower,Black,Tempered Glass,2,,330
Corsair iCUE 5000X RGB Triptych,249.99,ATX Mid Tower,Black / Green,Tempered Glass,2,,330
DIYPC Shadow-H3-ARGB,59.94,ATX Mid Tower,Black,Tempered Glass,3,,330
Cougar DarkBlader X5,120.65,ATX Mid Tower,White,Tempered Glass,2,,330
FSP Group CUT593P,144.99,ATX Full Tower,White,Tempered Glass,3,,400
ADATA XPG CRUISER,89.99,ATX Mid Tower,Black,Tempered Glass,4,,330
KOLINK Unity Nexus ARGB,137.01,ATX Mid Tower,Black,Tempered Glass,2,,330
Silverstone SETA A1,139.57,ATX Mid Tower,Silver / Black,Tempered Glass,2,,330
Geometric Future Model 8,169.9,ATX Mid Tower,Black / Silver,Tinted Tempered Glass,6,,330
Silverstone PS14-E,90.81,ATX Mid Tower,Black,Tempered Glass,2,,330
Thermaltake Versa N27,200.0,ATX Mid Tower,Black,Acrylic,4,,330
Fractal Design Define 7 Light,224.5,ATX Mid Tower,Gray,Tempered Glass,6,,330
Silverstone ALTA F1,267.99,ATX Mid Tower,Black,Tempered Glass,2,,330
Corsair iCUE 5000X RGB Shift,249.99,ATX Mid Tower,Black / Blue,Tempered Glass,2,,330
ADATA XPG DEFENDER PRO,105.62,ATX Mid Tower,White / Black,Tempered Glass,2,,330
Thermaltake A500,248.39,ATX Mid Tower,Silver / Black,Tempered Glass,6,,330
Deco Gear DGPCS01,84.99,ATX Mid Tower,Black,Tempered Glass,2,,330
Cougar DarkBlader X5,116.97,ATX Mid Tower,Black,Tempered Glass,2,,330
Thermaltake Divider 300 ARGB Triangular,137.38,ATX Mid Tower,Black,Tempered Glass,2,,330
Thermaltake H700 TG,94.98,ATX Mid Tower,White,Tempered Glass,2,,330
Thermaltake Divider 500 TG ARGB Snow,123.99,ATX Mid Tower,White,Tempered Glass,2,,330
Azza Chroma 410,120.0,ATX Mid Tower,Black,Acrylic,2,,330
Thermaltake Versa N26,189.0,ATX Mid Tower,Black,Acrylic,3,,330
Cougar Turret RGB,185.55,ATX Mid Tower,Black,Tempered Glass,2,,330
Apevia Destiny Flow,83.99,ATX Mid Tower,Pink,Tempered Glass,2,,330
RAIJINTEK Thetis,130.84,ATX Mid Tower,Silver,,2,,330
Silverstone PS14-E,77.23,ATX Mid Tower,Black,,2,,330
Azza Opus 809,349.99,ATX Mid Tower,Silver / Black,Tinted Tempered Glass,1,,330
Thermaltake Versa T27 TG ARGB,127.82,ATX Mid Tower,Black,Tempered Glass,2,,330
Apevia Destiny Flow,83.99,ATX Mid Tower,White,Tempered Glass,2,,330
Thermaltake Commander C34 TG ARGB,74.98,ATX Mid Tower,Black,Tempered Glass,3,,330
Aerocool Menace Saturn FRGB,154.0,ATX Mid Tower,Black,Tempered Glass,2,,330
Thermaltake Versa H24,164.0,ATX Mid Tower,Black,Acrylic,3,,330
Silverstone RV05B,106.06,ATX Mid Tower,Black,,2,,330
Silverstone ALTA F1,282.48,ATX Mid Tower,Silver / Black,Tempered Glass,2,,330
Thermaltake Divider 500 TG ARGB Air,159.99,ATX Mid Tower,Black,Tempered Glass,2,,330
Silverstone SETA A1,137.88,ATX Mid Tower,Black,Tempered Glass,2,,330
be quiet! Silent Base 601,155.54,ATX Mid Tower,Black / Silver,,3,,330
Azza Zircon 7000B,169.99,ATX Full Tower,Black,Tempered Glass,5,,400
Cougar MG120-G RGB,82.78,ATX Mid Tower,Black,Tempered Glass,2,,330
SAMA M2,49.91,ATX Mid Tower,,Tempered Glass,2,,330
MagniumGear NEO Silent (2023),82.98,ATX Mid Tower,Black,Tempered Glass,2,,330
Thermaltake Divider 300 TG Air,119.99,ATX Mid Tower,Black,Tempered Glass,2,,330
In Win 904,229.72,ATX Mid Tower,Black,Tempered Glass,3,,330
Silverstone RV05B-W,134.41,ATX Mid Tower,Black,Acrylic,2,,330
Thermaltake Commander C34 TG Snow ARGB,74.96,ATX Mid Tower,White / Black,Tempered Glass,3,,330
Silverstone PM02-G,136.99,ATX Mid Tower,,Tempered Glass,3,,330
Thermaltake Divider 500 TG ARGB Air Snow,164.98,ATX Mid Tower,White,Tempered Glass,2,,330
RAIJINTEK PAEAN PREMIUM,219.9,ATX Mid Tower,Silver,Tempered Glass,2,,330
Thermaltake Divider 300 TG Air Snow,119.99,ATX Mid Tower,White,Tempered Glass,2,,330
Cougar MX660-T RGB,170.96,ATX Mid Tower,Black,Tempered Glass,2,,330
